0.0026688905069684045, 0.0062789531971612885, -0.2552999999999999
0.0026688905069684045, 0.0062789531971612885, -0.2576999999999999
0.0026688905069684045, 0.0062789531971612885, -0.25469999999999987
0.0028629828870944743, 0.007793828031205842, -0.2638999999999999
0.0028629828870944743, 0.007793828031205842, -0.27859999999999996
0.0028629828870944743, 0.007793828031205842, -0.2890999999999999
0.0028629828870944743, 0.007793828031205842, -0.29389999999999994
0.0031803604279654245, 0.00590546883422801, -0.2962999999999999
0.0031803604279654245, 0.00590546883422801, -0.30539999999999995
0.0031803604279654245, 0.00590546883422801, -0.3189
0.00320851618966932, 0.004670068999697614, -0.32930000000000004
0.00320851618966932, 0.004670068999697614, -0.3335000000000001
0.00320851618966932, 0.004670068999697614, -0.33830000000000005
0.004259612144472228, 0.002687702740981821, -0.3488
0.004259612144472228, 0.002687702740981821, -0.3605
0.004259612144472228, 0.002687702740981821, -0.3545
0.004259612144472228, 0.002687702740981821, -0.3484999999999999
0.0020409655331843097, 0.005743507091159335, -0.34559999999999996
0.0020409655331843097, 0.005743507091159335, -0.3378
0.0020409655331843097, 0.005743507091159335, -0.3567
0.0013354040376464785, 0.004602109549204661, -0.3708
0.0013354040376464785, 0.004602109549204661, -0.38120000000000004
0.0013354040376464785, 0.004602109549204661, -0.36740000000000006
0.002224395477530661, 0.005720005244288085, -0.3656000000000001
0.002224395477530661, 0.005720005244288085, -0.3864000000000001
0.002224395477530661, 0.005720005244288085, -0.4077000000000001
0.002224395477530661, 0.005720005244288085, -0.41510000000000014
0.0019157640875916166, 0.006221468194953353, -0.41330000000000017
0.0019157640875916166, 0.006221468194953353, -0.41030000000000016
0.0019157640875916166, 0.006221468194953353, -0.4238000000000002
0.002077866634378906, 0.0031212087788562103, -0.4397000000000002
0.002077866634378906, 0.0031212087788562103, -0.44270000000000026
0.002077866634378906, 0.0031212087788562103, -0.4379000000000003
0.0038170329571013146, 0.005054027900642038, -0.4440000000000003
0.0038170329571013146, 0.005054027900642038, -0.4581000000000003
0.0038170329571013146, 0.005054027900642038, -0.4552000000000003
0.0038170329571013146, 0.005054027900642038, -0.45710000000000034
0.003931571834271836, 0.003037683070446747, -0.4547000000000003
0.003931571834271836, 0.003037683070446747, -0.46010000000000034
0.003931571834271836, 0.003037683070446747, -0.45660000000000034
0.002744611204210559, 0.003959631635664647, -0.46160000000000034
0.002744611204210559, 0.003959631635664647, -0.46700000000000036
0.002744611204210559, 0.003959631635664647, -0.4706000000000003
0.002185576359374583, 0.005417028538344665, -0.4719000000000003
0.002185576359374583, 0.005417028538344665, -0.47630000000000033
0.002185576359374583, 0.005417028538344665, -0.47820000000000035
0.002185576359374583, 0.005417028538344665, -0.48430000000000034
0.0036705061620577032, 0.002455235597741384, -0.4885000000000004
0.0036705061620577032, 0.002455235597741384, -0.49100000000000044
0.0036705061620577032, 0.002455235597741384, -0.49480000000000046
0.002813500982053705, 0.005952472342665458, -0.49180000000000046
0.002813500982053705, 0.005952472342665458, -0.4985000000000005
0.002813500982053705, 0.005952472342665458, -0.4895000000000005
0.004878789949119997, 0.004610038418420975, -0.4920000000000005
0.004878789949119997, 0.004610038418420975, -0.5207000000000005
0.004878789949119997, 0.004610038418420975, -0.5415000000000004
0.004878789949119997, 0.004610038418420975, -0.5361000000000004
0.006296743490934448, 0.0025806688170676535, -0.5235000000000004
0.006296743490934448, 0.0025806688170676535, -0.5241000000000005
0.006296743490934448, 0.0025806688170676535, -0.5394000000000004
0.007736024672181673, 0.003628061458523538, -0.5559000000000005
0.007736024672181673, 0.003628061458523538, -0.5571000000000006
0.007736024672181673, 0.003628061458523538, -0.5511000000000006
0.007736024672181673, 0.003628061458523538, -0.5499000000000005
0.010690304710471927, 0.0034035208125972605, -0.5554000000000006
0.010690304710471927, 0.0034035208125972605, -0.5664000000000005
0.010690304710471927, 0.0034035208125972605, -0.5749000000000004
0.01669591303205135, 0.003711882689043484, -0.5797000000000003
0.01669591303205135, 0.003711882689043484, -0.5827000000000004
0.01669591303205135, 0.003711882689043484, -0.5894000000000004
0.02610029494281812, 0.004354645267782264, -0.6005000000000004
0.02610029494281812, 0.004354645267782264, -0.6164000000000004
0.02610029494281812, 0.004354645267782264, -0.6237000000000004
0.02610029494281812, 0.004354645267782264, -0.6213000000000003
0.04039029881442908, 0.00529528806924966, -0.6105000000000003
0.04039029881442908, 0.00529528806924966, -0.6063000000000003
0.04039029881442908, 0.00529528806924966, -0.6167000000000002
0.05929419408896769, 0.0044129924950700155, -0.6387000000000003
0.05929419408896769, 0.0044129924950700155, -0.6650000000000003
0.05929419408896769, 0.0044129924950700155, -0.6736000000000002
0.08227618886082846, 0.009167171808543609, -0.6544000000000002
0.08227618886082846, 0.009167171808543609, -0.6382000000000001
0.08227618886082846, 0.009167171808543609, -0.6479
0.10966540330091817, 0.00611987179644528, -0.6741
0.10966540330091817, 0.00611987179644528, -0.7034
0.10966540330091817, 0.00611987179644528, -0.695
0.10966540330091817, 0.00611987179644528, -0.6667
0.14028745679499166, 0.000656702210763898, -0.6535
0.14028745679499166, 0.000656702210763898, -0.6833999999999999
0.14028745679499166, 0.000656702210763898, -0.7193999999999999
0.1739715010998101, -0.002735190658615397, -0.7334999999999999
0.1739715010998101, -0.002735190658615397, -0.7191
0.1739715010998101, -0.002735190658615397, -0.7112999999999999
0.20814760362579152, -0.006652050205886398, -0.7296
0.20814760362579152, -0.006652050205886398, -0.7522
0.20814760362579152, -0.006652050205886398, -0.7606999999999999
0.20814760362579152, -0.006652050205886398, -0.7624999999999998
0.2426050186410746, 0.006178264454087708, -0.7558999999999998
0.2426050186410746, 0.006178264454087708, -0.7516999999999997
0.2426050186410746, 0.006178264454087708, -0.7540999999999997
0.2777884869601655, 0.007213499063101578, -0.7693999999999996
0.2777884869601655, 0.007213499063101578, -0.7839999999999996
0.2777884869601655, 0.007213499063101578, -0.7791999999999996
0.3151178775748742, -0.002650454701817552, -0.7839999999999996
0.3151178775748742, -0.002650454701817552, -0.7834999999999996
0.3151178775748742, -0.002650454701817552, -0.7931999999999997
0.3151178775748742, -0.002650454701817552, -0.8126999999999998
0.35854308885888364, -0.0071364521703530595, -0.8327999999999998
0.35854308885888364, -0.0071364521703530595, -0.8394999999999998
0.35854308885888364, -0.0071364521703530595, -0.8274999999999999
0.39691758111648967, 0.0013426319115256435, -0.8040999999999999
0.39691758111648967, 0.0013426319115256435, -0.8144999999999999
0.39691758111648967, 0.0013426319115256435, -0.8357999999999999
0.44110658282001636, -0.0015475090585215234, -0.8546999999999999
0.44110658282001636, -0.0015475090585215234, -0.856
0.44110658282001636, -0.0015475090585215234, -0.8392000000000001
0.44110658282001636, -0.0015475090585215234, -0.8386000000000001
0.4841930941200631, -0.007221903299833882, -0.8515000000000001
0.4841930941200631, -0.007221903299833882, -0.8748000000000001
0.4841930941200631, -0.007221903299833882, -0.9004000000000001
0.5275833206442913, -0.006160332245992231, -0.934
0.5275833206442913, -0.006160332245992231, -0.9682000000000001
0.5275833206442913, -0.006160332245992231, -0.9720000000000001
0.5734231886596921, -0.00926198911616559, -0.9498000000000001
0.5734231886596921, -0.00926198911616559, -0.9682000000000001
0.5734231886596921, -0.00926198911616559, -1.0054
0.5734231886596921, -0.00926198911616559, -1.0304
0.6206246989236739, -0.011922202057828665, -1.0329
0.6206246989236739, -0.011922202057828665, -1.047
0.6206246989236739, -0.011922202057828665, -1.0525
0.6659831697609833, -0.012960506171312017, -1.086
0.6659831697609833, -0.012960506171312017, -1.1244
0.6659831697609833, -0.012960506171312017, -1.15
0.7091967974611715, -0.01618760039798492, -1.1598
0.7091967974611715, -0.01618760039798492, -1.1616
0.7091967974611715, -0.01618760039798492, -1.1817
0.7091967974611715, -0.01618760039798492, -1.1976
0.7537138401771085, -0.01942771709413471, -1.2342
0.7537138401771085, -0.01942771709413471, -1.2775999999999998
0.7537138401771085, -0.01942771709413471, -1.2831
0.7988150773930414, -0.015197932403201442, -1.2832
0.7988150773930414, -0.015197932403201442, -1.3144
0.7988150773930414, -0.015197932403201442, -1.3369
0.7988150773930414, -0.015197932403201442, -1.3521999999999998
0.8412600011080752, -0.012783453277219387, -1.3723
0.8412600011080752, -0.012783453277219387, -1.393
0.8412600011080752, -0.012783453277219387, -1.4087999999999998
0.8831081517643824, -0.022302527173114553, -1.4111999999999998
0.8831081517643824, -0.022302527173114553, -1.4465999999999999
0.8831081517643824, -0.022302527173114553, -1.4812999999999998
0.9251241588154979, -0.02614604293618894, -1.5122999999999998
0.9251241588154979, -0.02614604293618894, -1.5178999999999998
0.9251241588154979, -0.02614604293618894, -1.5191999999999999
0.9660434193729527, -0.023998016340244177, -1.5138
0.9660434193729527, -0.023998016340244177, -1.4909999999999999
0.9660434193729527, -0.023998016340244177, -1.4765999999999997
0.9660434193729527, -0.023998016340244177, -1.4808999999999999
1.0037754911792638, -0.02344329164229947, -1.4839999999999998
1.0037754911792638, -0.02344329164229947, -1.4641999999999997
1.0037754911792638, -0.02344329164229947, -1.4485999999999997
1.042858540576659, -0.02398552043724861, -1.4110999999999996
1.042858540576659, -0.02398552043724861, -1.3990999999999993
1.042858540576659, -0.02398552043724861, -1.4032999999999993
1.0864215330606921, -0.024485834976184617, -1.3936999999999995
1.0864215330606921, -0.024485834976184617, -1.3714999999999995
1.0864215330606921, -0.024485834976184617, -1.3576999999999995
1.0864215330606921, -0.024485834976184617, -1.3432999999999995
1.1240633886473839, -0.029000708464740482, -1.3240999999999994
1.1240633886473839, -0.029000708464740482, -1.2835999999999994
1.1240633886473839, -0.029000708464740482, -1.2320999999999995
1.1637442909778677, -0.030697354944082128, -1.2000999999999995
1.1637442909778677, -0.030697354944082128, -1.1940999999999995
1.1637442909778677, -0.030697354944082128, -1.1886999999999996
1.2046285668145515, -0.02300176265799858, -1.1554999999999995
1.2046285668145515, -0.02300176265799858, -1.1082999999999996
1.2046285668145515, -0.02300176265799858, -1.0542999999999998
1.2046285668145515, -0.02300176265799858, -0.9966999999999997
1.2453605667402758, -0.02668077081805159, -0.9628999999999996
1.2453605667402758, -0.02668077081805159, -0.9351999999999997
1.2453605667402758, -0.02668077081805159, -0.8837999999999997
1.2877647566400776, -0.027494537092489113, -0.8139999999999996
1.2877647566400776, -0.027494537092489113, -0.7593999999999996
1.2877647566400776, -0.027494537092489113, -0.7078999999999996
1.3299505305288637, -0.022737235389085536, -0.6661999999999997
1.3299505305288637, -0.022737235389085536, -0.6092999999999996
1.3299505305288637, -0.022737235389085536, -0.5400999999999996
1.3299505305288637, -0.022737235389085536, -0.4574999999999996
1.369322802706075, -0.023932416986690824, -0.37609999999999955
1.369322802706075, -0.023932416986690824, -0.31969999999999954
1.369322802706075, -0.023932416986690824, -0.27669999999999956
1.415803174942545, -0.0220349746901963, -0.22159999999999955
1.415803174942545, -0.0220349746901963, -0.15479999999999958
1.415803174942545, -0.0220349746901963, -0.07769999999999957
1.457477481176905, -0.016904189205132536, -0.006599999999999575
1.457477481176905, -0.016904189205132536, 0.057000000000000425
1.457477481176905, -0.016904189205132536, 0.12560000000000043
1.457477481176905, -0.016904189205132536, 0.17590000000000044
1.500520257846482, -0.0156441307108654, 0.24380000000000043
1.500520257846482, -0.0156441307108654, 0.32630000000000037
1.500520257846482, -0.0156441307108654, 0.39180000000000037
1.5440356873845633, -0.015060529007859647, 0.4512000000000004
1.5440356873845633, -0.015060529007859647, 0.5229000000000004
1.5440356873845633, -0.015060529007859647, 0.5970000000000004
1.5850432506485626, -0.010768171334071597, 0.6546000000000004
1.5850432506485626, -0.010768171334071597, 0.7165000000000005
1.5850432506485626, -0.010768171334071597, 0.7869000000000005
1.5850432506485626, -0.010768171334071597, 0.8561000000000005
1.6262041670802079, -0.008189185640824714, 0.9137000000000005
1.6262041670802079, -0.008189185640824714, 0.9792000000000006
1.6262041670802079, -0.008189185640824714, 1.0491000000000006
1.6691673921583954, -0.010460346631345152, 1.1147000000000005
1.6691673921583954, -0.010460346631345152, 1.1777000000000006
1.6691673921583954, -0.010460346631345152, 1.2445000000000006
1.707596278080445, -0.007377336201017243, 1.3075000000000008
1.707596278080445, -0.007377336201017243, 1.3633000000000008
1.707596278080445, -0.007377336201017243, 1.4313000000000007
1.707596278080445, -0.007377336201017243, 1.5152000000000008
1.7450992707357946, -0.0027899371742196033, 1.5753000000000008
1.7450992707357946, -0.0027899371742196033, 1.604200000000001
1.7450992707357946, -0.0027899371742196033, 1.611300000000001
1.7864824370238281, 6.852549447555756e-05, 1.5570000000000008
1.7864824370238281, 6.852549447555756e-05, 1.459400000000001
1.7864824370238281, 6.852549447555756e-05, 1.3715000000000008
1.7864824370238281, 6.852549447555756e-05, 1.3148000000000009
1.82384956569443, 0.003595520618357162, 1.299000000000001
1.82384956569443, 0.003595520618357162, 1.2983000000000011
1.82384956569443, 0.003595520618357162, 1.2617000000000012
1.8626327305647838, 0.002167869371020037, 1.2129000000000012
1.8626327305647838, 0.002167869371020037, 1.1732000000000011
1.8626327305647838, 0.002167869371020037, 1.149500000000001
1.8982801031807792, 0.003913539918195097, 1.111700000000001
1.8982801031807792, 0.003913539918195097, 1.0867000000000009
1.8982801031807792, 0.003913539918195097, 1.0623000000000007
1.9388994788990976, 0.005176138927832419, 1.0342000000000007
1.9388994788990976, 0.005176138927832419, 1.0036000000000005
1.9388994788990976, 0.005176138927832419, 0.9847000000000005
1.9388994788990976, 0.005176138927832419, 0.9529000000000004
1.9800196626214916, 0.0045268864709553935, 0.9187000000000004
1.9800196626214916, 0.0045268864709553935, 0.8803000000000003
1.9800196626214916, 0.0045268864709553935, 0.8443000000000003
2.0173034045445433, -0.0013278821722407796, 0.8181000000000003
2.0173034045445433, -0.0013278821722407796, 0.7931000000000002
2.0173034045445433, -0.0013278821722407796, 0.7571000000000002
2.0173034045445433, -0.0013278821722407796, 0.7119000000000002
2.0592212830686276, 0.007159130018128845, 0.6851000000000003
2.0592212830686276, 0.007159130018128845, 0.6607000000000004
2.0592212830686276, 0.007159130018128845, 0.6326000000000004
2.10031522693185, 0.010670544728754838, 0.6137000000000004
2.10031522693185, 0.010670544728754838, 0.5899000000000003
2.10031522693185, 0.010670544728754838, 0.5356000000000004
2.1430329620408006, 0.0021178811388725682, 0.49660000000000043
2.1430329620408006, 0.0021178811388725682, 0.46670000000000045
2.1430329620408006, 0.0021178811388725682, 0.4423000000000004
2.1862591691014046, 0.003354434538556883, 0.4246000000000004
2.1862591691014046, 0.003354434538556883, 0.41000000000000036
2.1862591691014046, 0.003354434538556883, 0.37040000000000034
2.1862591691014046, 0.003354434538556883, 0.32280000000000036
2.230152118711043, 0.0054294129874996044, 0.30820000000000036
2.230152118711043, 0.0054294129874996044, 0.31600000000000034
2.230152118711043, 0.0054294129874996044, 0.3202000000000003
2.269869925353376, 0.0011104768915273788, 0.29870000000000035
2.269869925353376, 0.0011104768915273788, 0.2639000000000004
2.269869925353376, 0.0011104768915273788, 0.23830000000000043
2.269869925353376, 0.0011104768915273788, 0.23040000000000044
2.3140239412789168, 0.0037678977689820092, 0.24900000000000042
2.3140239412789168, 0.0037678977689820092, 0.2580000000000004
2.3140239412789168, 0.0037678977689820092, 0.23660000000000042
2.3600374126691577, 0.01511760243691379, 0.21830000000000044
2.3600374126691577, 0.01511760243691379, 0.21770000000000045
2.3600374126691577, 0.01511760243691379, 0.22550000000000045
2.4039371937814185, 0.012880419352726491, 0.22550000000000048
2.4039371937814185, 0.012880419352726491, 0.22550000000000048
2.4039371937814185, 0.012880419352726491, 0.21020000000000047
2.449826542500303, 0.011620116470190511, 0.18090000000000045
2.449826542500303, 0.011620116470190511, 0.18330000000000043
2.449826542500303, 0.011620116470190511, 0.19170000000000043
2.449826542500303, 0.011620116470190511, 0.18260000000000043
2.494155242258269, 0.015640928914848085, 0.17710000000000045
2.494155242258269, 0.015640928914848085, 0.18370000000000045
2.494155242258269, 0.015640928914848085, 0.1825000000000004
2.5342718959093817, 0.015890127204259752, 0.1801000000000004
2.5342718959093817, 0.015890127204259752, 0.1909000000000004
2.5342718959093817, 0.015890127204259752, 0.2089000000000004
2.575603664376187, 0.013981963673951325, 0.2118000000000004
2.575603664376187, 0.013981963673951325, 0.1910000000000004
2.575603664376187, 0.013981963673951325, 0.1678000000000004
2.575603664376187, 0.013981963673951325, 0.07820000000000038
2.613693847792174, 0.015876570061701623, -0.046199999999999616
2.613693847792174, 0.015876570061701623, -0.14499999999999963
2.613693847792174, 0.015876570061701623, -0.19389999999999963
2.654759635942458, 0.02062338801451663, -0.2121999999999996
2.654759635942458, 0.02062338801451663, -0.22449999999999962
2.654759635942458, 0.02062338801451663, -0.26899999999999963
2.6982042570986122, 0.016288876319314083, -0.3463999999999996
2.6982042570986122, 0.016288876319314083, -0.4335999999999996
2.6982042570986122, 0.016288876319314083, -0.48179999999999956
2.6982042570986122, 0.016288876319314083, -0.5183999999999995
2.7389857385002516, 0.01445122721059705, -0.5542999999999995
2.7389857385002516, 0.01445122721059705, -0.6042999999999994
2.7389857385002516, 0.01445122721059705, -0.6701999999999995
2.776903154060467, 0.017907706762046782, -0.7385999999999995
2.776903154060467, 0.017907706762046782, -0.7854999999999994
2.776903154060467, 0.017907706762046782, -0.8214999999999995
2.818996795926577, 0.014670134334177964, -0.8616999999999995
2.818996795926577, 0.014670134334177964, -0.9159999999999995
2.818996795926577, 0.014670134334177964, -0.9763999999999995
2.818996795926577, 0.014670134334177964, -1.0367999999999993
2.8581856390196494, 0.013498460222562736, -1.0990999999999993
2.8581856390196494, 0.013498460222562736, -1.1326999999999994
2.8581856390196494, 0.013498460222562736, -1.1722999999999992
2.8962544960289707, 0.012316309360981381, -1.2319999999999993
2.8962544960289707, 0.012316309360981381, -1.290499999999999
2.8962544960289707, 0.012316309360981381, -1.3563999999999992
2.9389372438423855, 0.00931120384618489, -1.4106999999999992
2.9389372438423855, 0.00931120384618489, -1.4577999999999993
2.9389372438423855, 0.00931120384618489, -1.4937999999999994
2.9389372438423855, 0.00931120384618489, -1.5450999999999995
2.9784910282512764, 0.005167256642194362, -1.6152999999999995
2.9784910282512764, 0.005167256642194362, -1.6812999999999996
2.9784910282512764, 0.005167256642194362, -1.7355999999999996
3.018530045454756, 0.004810500893583036, -1.7916999999999996
3.018530045454756, 0.004810500893583036, -1.8526999999999996
3.018530045454756, 0.004810500893583036, -1.9057999999999997
3.018530045454756, 0.004810500893583036, -1.9593999999999996
3.06265207417829, 0.0028527924187945475, -2.0313999999999997
3.06265207417829, 0.0028527924187945475, -2.0978999999999997
3.06265207417829, 0.0028527924187945475, -2.1412999999999998
3.1058462934263527, -0.0005257906241126764, -2.2040999999999995
3.1058462934263527, -0.0005257906241126764, -2.2711999999999994
3.1058462934263527, -0.0005257906241126764, -2.3253999999999992
3.1478341417079734, -0.0031339077425075468, -2.3778999999999995
3.1478341417079734, -0.0031339077425075468, -2.447399999999999
3.1478341417079734, -0.0031339077425075468, -2.4973999999999994
3.1969650755927637, -0.008196973612700664, -2.555999999999999
3.1969650755927637, -0.008196973612700664, -2.626199999999999
3.1969650755927637, -0.008196973612700664, -2.706099999999999
3.1969650755927637, -0.008196973612700664, -2.761699999999999
3.242942725492843, -0.007312943064996302, -2.816599999999999
3.242942725492843, -0.007312943064996302, -2.865399999999999
3.242942725492843, -0.007312943064996302, -2.9122999999999983
3.2893028097264705, -0.012174970321439438, -2.964199999999998
3.2893028097264705, -0.012174970321439438, -3.037399999999998
3.2893028097264705, -0.012174970321439438, -3.103399999999998
3.2893028097264705, -0.012174970321439438, -3.1575999999999977
3.3327969118708927, -0.014668129250066053, -3.2002999999999977
3.3327969118708927, -0.014668129250066053, -3.2575999999999974
3.3327969118708927, -0.014668129250066053, -3.3178999999999976
3.3804410029704823, -0.019694668898197987, -3.3776999999999973
3.3804410029704823, -0.019694668898197987, -3.442499999999997
3.3804410029704823, -0.019694668898197987, -3.490099999999997
3.421934873888499, -0.024703086295210785, -3.5333999999999963
3.421934873888499, -0.024703086295210785, -3.5857999999999963
3.421934873888499, -0.024703086295210785, -3.6448999999999963
3.4639139781180055, -0.02592431502421977, -3.683999999999996
3.4639139781180055, -0.02592431502421977, -3.7004999999999963
3.4639139781180055, -0.02592431502421977, -3.7229999999999963
3.4639139781180055, -0.02592431502421977, -3.752299999999996
3.50630750389868, -0.028276456662932548, -3.746899999999996
3.50630750389868, -0.028276456662932548, -3.743999999999996
3.50630750389868, -0.028276456662932548, -3.730899999999996
3.5460253093258007, -0.032595397637298296, -3.6390999999999964
3.5460253093258007, -0.032595397637298296, -3.5204999999999966
3.5460253093258007, -0.032595397637298296, -3.3933999999999966
3.5460253093258007, -0.032595397637298296, -3.2954999999999965
3.587318258972889, -0.03480653591712113, -3.232999999999996
3.587318258972889, -0.03480653591712113, -3.174799999999996
3.587318258972889, -0.03480653591712113, -3.099399999999996
3.6243505171004897, -0.026617409134115477, -2.984499999999996
3.6243505171004897, -0.026617409134115477, -2.858599999999996
3.6243505171004897, -0.026617409134115477, -2.773499999999996
3.6623261600866446, -0.022706461918753917, -2.693999999999996
3.6623261600866446, -0.022706461918753917, -2.608899999999996
3.6623261600866446, -0.022706461918753917, -2.5176999999999965
3.7026543989073946, -0.02371617500316281, -2.4167999999999967
3.7026543989073946, -0.02371617500316281, -2.3135999999999965
3.7026543989073946, -0.02371617500316281, -2.2169999999999965
3.7026543989073946, -0.02371617500316281, -2.112399999999997
3.7394799845532334, -0.02150557245168294, -2.027399999999997
3.7394799845532334, -0.02150557245168294, -1.936199999999997
3.7394799845532334, -0.02150557245168294, -1.831699999999997
3.778959965833207, -0.020404932192928715, -1.722199999999997
3.778959965833207, -0.020404932192928715, -1.610299999999997
3.778959965833207, -0.020404932192928715, -1.5025999999999968
3.823992312266748, -0.01816799170638106, -1.3949999999999967
3.823992312266748, -0.01816799170638106, -1.2946999999999969
3.823992312266748, -0.01816799170638106, -1.2083999999999968
3.823992312266748, -0.01816799170638106, -1.0898999999999968
3.864419512902137, -0.015494997230988128, -0.9614999999999967
3.864419512902137, -0.015494997230988128, -0.8392999999999967
3.864419512902137, -0.015494997230988128, -0.7170999999999967
3.9064393498721053, -0.01348798451729849, -0.5973999999999967
3.9064393498721053, -0.01348798451729849, -0.49469999999999664
3.9064393498721053, -0.01348798451729849, -0.39129999999999665
3.9512833536812244, -0.003990112703346371, -0.2574999999999966
3.9512833536812244, -0.003990112703346371, -0.12609999999999663
3.9512833536812244, -0.003990112703346371, -0.009299999999996617
3.9512833536812244, -0.003990112703346371, 0.11590000000000339
3.9897248198258413, 0.003556535565340968, 0.2577000000000034
3.9897248198258413, 0.003556535565340968, 0.39090000000000347
3.9897248198258413, 0.003556535565340968, 0.5156000000000034
4.034836718894331, 0.009324696201822635, 0.6464000000000035
4.034836718894331, 0.009324696201822635, 0.7553000000000035
4.034836718894331, 0.009324696201822635, 0.8677000000000035
4.08009814178508, 0.007528950876469542, 1.0107000000000035
4.08009814178508, 0.007528950876469542, 1.1646000000000034
4.08009814178508, 0.007528950876469542, 1.3020000000000034
4.08009814178508, 0.007528950876469542, 1.4084000000000034
4.1214444057820625, 0.013009700969345395, 1.5331000000000035
4.1214444057820625, 0.013009700969345395, 1.6438000000000037
4.1214444057820625, 0.013009700969345395, 1.7655000000000038
4.162591664381393, 0.024213006584519192, 1.915800000000004
4.162591664381393, 0.024213006584519192, 2.0606000000000035
4.162591664381393, 0.024213006584519192, 2.167000000000004
4.204170840202408, 0.031511616528793085, 2.260000000000004
4.204170840202408, 0.031511616528793085, 2.369500000000004
4.204170840202408, 0.031511616528793085, 2.4991000000000043
4.204170840202408, 0.031511616528793085, 2.6336000000000044
4.246751629841066, 0.034986506092124614, 2.768600000000004
4.246751629841066, 0.034986506092124614, 2.8786000000000045
4.246751629841066, 0.034986506092124614, 2.9825000000000044
4.2853959333873615, 0.042661144072687396, 3.1127000000000042
4.2853959333873615, 0.042661144072687396, 3.2649000000000044
4.2853959333873615, 0.042661144072687396, 3.480500000000004
4.2853959333873615, 0.042661144072687396, 3.7577000000000043
4.320992742866344, 0.05565341147381575, 4.092100000000004
4.320992742866344, 0.05565341147381575, 4.446700000000003
4.320992742866344, 0.05565341147381575, 4.789000000000003
4.358333634049676, 0.06334107387443155, 5.167300000000003
4.358333634049676, 0.06334107387443155, 5.588900000000002
4.358333634049676, 0.06334107387443155, 6.0721000000000025
4.391360515148423, 0.07373710077211992, 6.595000000000002
4.391360515148423, 0.07373710077211992, 7.061100000000002
4.391360515148423, 0.07373710077211992, 7.468100000000002
4.4234565904779055, 0.09287495926236178, 7.831200000000002
4.4234565904779055, 0.09287495926236178, 8.185100000000002
4.4234565904779055, 0.09287495926236178, 8.576900000000002
4.4234565904779055, 0.09287495926236178, 9.025400000000003
4.456912392094914, 0.1095289847005857, 9.489700000000003
4.456912392094914, 0.1095289847005857, 9.924800000000003
4.456912392094914, 0.1095289847005857, 10.334800000000003
4.484910958926835, 0.12287887898174066, 10.716800000000005
4.484910958926835, 0.12287887898174066, 11.093900000000005
4.484910958926835, 0.12287887898174066, 11.496100000000006
4.484910958926835, 0.12287887898174066, 11.928700000000005
4.508867247221039, 0.14105797210535465, 12.357000000000005
4.508867247221039, 0.14105797210535465, 12.770700000000005
4.508867247221039, 0.14105797210535465, 13.178300000000007
4.53828460587196, 0.16839173412804143, 13.588400000000007
4.53828460587196, 0.16839173412804143, 14.004600000000007
4.53828460587196, 0.16839173412804143, 14.448200000000005
4.560883084227849, 0.19197992438893452, 14.886900000000006
4.560883084227849, 0.19197992438893452, 15.316500000000007
4.560883084227849, 0.19197992438893452, 15.745500000000009
4.588769029996698, 0.21027143101270962, 16.17140000000001
4.588769029996698, 0.21027143101270962, 16.58760000000001
4.588769029996698, 0.21027143101270962, 17.02210000000001
4.588769029996698, 0.21027143101270962, 17.46510000000001
4.622660582105339, 0.2288712988731425, 17.89770000000001
4.622660582105339, 0.2288712988731425, 18.349200000000014
4.622660582105339, 0.2288712988731425, 18.794700000000017
4.655511699930325, 0.2509918984846955, 19.236500000000017
4.655511699930325, 0.2509918984846955, 19.684400000000014
4.655511699930325, 0.2509918984846955, 20.133500000000012
4.655511699930325, 0.2509918984846955, 20.582000000000015
4.684970872727277, 0.26846593819371767, 21.037100000000017
4.684970872727277, 0.26846593819371767, 21.49350000000002
4.684970872727277, 0.26846593819371767, 21.94500000000002
4.684970872727277, 0.26846593819371767, 22.403300000000023
4.707744872504222, 0.30943075593882696, 22.856000000000023
4.707744872504222, 0.30943075593882696, 23.300800000000024
4.707744872504222, 0.30943075593882696, 23.753500000000024
4.707744872504222, 0.30943075593882696, 24.208600000000025
4.739999811722931, 0.3647322456695774, 24.654000000000025
4.739999811722931, 0.3647322456695774, 25.113400000000023
4.739999811722931, 0.3647322456695774, 25.56730000000002
4.765785483031512, 0.38991374684403723, 25.996200000000023
4.765785483031512, 0.38991374684403723, 26.435000000000024
4.765785483031512, 0.38991374684403723, 26.888400000000026
4.765785483031512, 0.38991374684403723, 27.335000000000026
4.79512903819851, 0.4224920970901941, 27.771800000000024
4.79512903819851, 0.4224920970901941, 28.205000000000027
4.79512903819851, 0.4224920970901941, 28.619200000000028
4.820849651354861, 0.45153129413516424, 29.02500000000003
4.820849651354861, 0.45153129413516424, 29.45330000000003
4.820849651354861, 0.45153129413516424, 29.893200000000032
4.838961360497283, 0.47938973603466273, 30.331900000000033
4.838961360497283, 0.47938973603466273, 30.763800000000035
4.838961360497283, 0.47938973603466273, 31.166600000000038
4.859468312355926, 0.5084810333911796, 31.55470000000004
4.859468312355926, 0.5084810333911796, 31.95430000000004
4.859468312355926, 0.5084810333911796, 32.35330000000004
4.859468312355926, 0.5084810333911796, 32.77440000000004
4.88106134363592, 0.5300423967526865, 33.202800000000046
4.88106134363592, 0.5300423967526865, 33.61770000000005
4.88106134363592, 0.5300423967526865, 34.008200000000045
4.896903008802262, 0.5561900197955444, 34.393900000000045
4.896903008802262, 0.5561900197955444, 34.78330000000004
4.896903008802262, 0.5561900197955444, 35.173800000000035
4.917602137620291, 0.5838709216355896, 35.574000000000034
4.917602137620291, 0.5838709216355896, 35.976000000000035
4.917602137620291, 0.5838709216355896, 36.36780000000004
4.917602137620291, 0.5838709216355896, 36.74920000000004
4.938266279577764, 0.6170993874902286, 37.131200000000035
4.938266279577764, 0.6170993874902286, 37.51810000000003
4.938266279577764, 0.6170993874902286, 37.89160000000003
4.950520825429074, 0.6501735300906238, 38.27180000000003
4.950520825429074, 0.6501735300906238, 38.66900000000003
4.950520825429074, 0.6501735300906238, 39.07050000000003
4.950520825429074, 0.6501735300906238, 39.45980000000004
4.96623045828699, 0.681111273788619, 39.87170000000004
4.96623045828699, 0.681111273788619, 40.273200000000045
4.96623045828699, 0.681111273788619, 40.67460000000005
4.980396935671809, 0.7145563542717115, 41.088900000000045
4.980396935671809, 0.7145563542717115, 41.51840000000005
4.980396935671809, 0.7145563542717115, 41.941300000000055
4.9955048813006835, 0.7407979770109276, 42.355000000000054
4.9955048813006835, 0.7407979770109276, 42.76680000000005
4.9955048813006835, 0.7407979770109276, 43.165200000000056
5.0146821804554005, 0.7740629689725438, 43.58440000000005
5.0146821804554005, 0.7740629689725438, 44.03350000000005
5.0146821804554005, 0.7740629689725438, 44.48800000000005
5.0146821804554005, 0.7740629689725438, 44.932900000000046
5.0294503444236165, 0.8122041630938985, 45.37780000000004
5.0294503444236165, 0.8122041630938985, 45.80310000000004
5.0294503444236165, 0.8122041630938985, 46.23200000000004
5.037285090196867, 0.8486161274260583, 46.68160000000004
5.037285090196867, 0.8486161274260583, 47.14050000000004
5.037285090196867, 0.8486161274260583, 47.603600000000036
5.037285090196867, 0.8486161274260583, 48.05690000000003
5.052878269831641, 0.8786449495614538, 48.49940000000003
5.052878269831641, 0.8786449495614538, 48.93570000000003
5.052878269831641, 0.8786449495614538, 49.38960000000003
5.06454370850288, 0.9114866202552993, 49.84590000000003
5.06454370850288, 0.9114866202552993, 50.32790000000003
5.06454370850288, 0.9114866202552993, 50.80010000000002
5.075405460471437, 0.9555174276844043, 51.246700000000025
5.075405460471437, 0.9555174276844043, 51.697600000000016
5.075405460471437, 0.9555174276844043, 52.16070000000001
5.0876550940542415, 0.9958289962874531, 52.62080000000001
5.0876550940542415, 0.9958289962874531, 53.084500000000006
5.0876550940542415, 0.9958289962874531, 53.54820000000001
5.0876550940542415, 0.9958289962874531, 54.001000000000005
5.098087926770459, 1.033601798034958, 54.4459
5.098087926770459, 1.033601798034958, 54.8876
5.098087926770459, 1.033601798034958, 55.336099999999995
5.103637053781424, 1.0740020015590985, 55.78879999999999
5.103637053781424, 1.0740020015590985, 56.22329999999999
5.103637053781424, 1.0740020015590985, 56.67479999999998
5.109298802331398, 1.1094605804207718, 57.12449999999998
5.109298802331398, 1.1094605804207718, 57.55589999999998
5.109298802331398, 1.1094605804207718, 57.972699999999975
5.109298802331398, 1.1094605804207718, 58.40109999999997
5.11584954557092, 1.1460370608409627, 58.83729999999997
5.11584954557092, 1.1460370608409627, 59.27109999999997
5.11584954557092, 1.1460370608409627, 59.71839999999997
5.120516512332528, 1.18100720200297, 60.15709999999997
5.120516512332528, 1.18100720200297, 60.56159999999997
5.120516512332528, 1.18100720200297, 60.97409999999997
5.120516512332528, 1.18100720200297, 61.38779999999997
5.121931230733677, 1.2182417275855109, 61.80389999999997
5.121931230733677, 1.2182417275855109, 62.22489999999998
5.121931230733677, 1.2182417275855109, 62.66049999999998
5.1260391628786675, 1.2546692671462907, 63.07109999999997
5.1260391628786675, 1.2546692671462907, 63.47319999999997
5.1260391628786675, 1.2546692671462907, 63.87589999999997
5.12925810326388, 1.2899789120028808, 64.27609999999996
5.12925810326388, 1.2899789120028808, 64.67939999999996
5.12925810326388, 1.2899789120028808, 65.09309999999996
5.12925810326388, 1.2899789120028808, 65.50009999999997
5.129753756680553, 1.3244056775050184, 65.90769999999998
5.129753756680553, 1.3244056775050184, 66.30369999999998
5.129753756680553, 1.3244056775050184, 66.69489999999998
5.127633834652117, 1.3602453890259527, 67.08609999999997
5.127633834652117, 1.3602453890259527, 67.49369999999998
5.127633834652117, 1.3602453890259527, 67.90619999999998
5.128958338530648, 1.3924103182828427, 68.30649999999999
5.128958338530648, 1.3924103182828427, 68.70429999999998
5.128958338530648, 1.3924103182828427, 69.10389999999997
5.1269849440989415, 1.430848818098241, 69.49569999999997
5.1269849440989415, 1.430848818098241, 69.90689999999998
5.1269849440989415, 1.430848818098241, 70.34189999999998
5.1269849440989415, 1.430848818098241, 70.77439999999997
5.12266386838917, 1.46697054868216, 71.20279999999997
5.12266386838917, 1.46697054868216, 71.63959999999997
5.12266386838917, 1.46697054868216, 72.08069999999998
5.118737806145144, 1.5018098675921965, 72.52299999999997
5.118737806145144, 1.5018098675921965, 72.98979999999996
5.118737806145144, 1.5018098675921965, 73.44739999999994
5.116820723901988, 1.5377775597470176, 73.88239999999993
5.116820723901988, 1.5377775597470176, 74.34549999999993
5.116820723901988, 1.5377775597470176, 74.80069999999992
5.116820723901988, 1.5377775597470176, 75.2436999999999
5.111799838742364, 1.581533707786546, 75.70919999999991
5.111799838742364, 1.581533707786546, 76.16729999999991
5.111799838742364, 1.581533707786546, 76.62179999999991
5.100365752003919, 1.6218002489952392, 77.09459999999991
5.100365752003919, 1.6218002489952392, 77.58819999999992
5.100365752003919, 1.6218002489952392, 78.09159999999991
5.100365752003919, 1.6218002489952392, 78.57909999999993
5.0889491568456275, 1.6592930084199775, 79.04349999999992
5.0889491568456275, 1.6592930084199775, 79.50729999999993
5.0889491568456275, 1.6592930084199775, 79.95889999999993
5.083102420346279, 1.695148289645497, 80.43179999999992
5.083102420346279, 1.695148289645497, 80.94489999999993
5.083102420346279, 1.695148289645497, 81.44459999999992
5.069643781266782, 1.7399855131651871, 81.94309999999993
5.069643781266782, 1.7399855131651871, 82.45799999999994
5.069643781266782, 1.7399855131651871, 82.93209999999995
5.052911566784269, 1.7840103627754595, 83.42019999999995
5.052911566784269, 1.7840103627754595, 83.94979999999995
5.052911566784269, 1.7840103627754595, 84.45919999999994
5.052911566784269, 1.7840103627754595, 84.97109999999994
5.043177827605394, 1.8259067456392697, 85.45499999999994
5.043177827605394, 1.8259067456392697, 85.91449999999993
5.043177827605394, 1.8259067456392697, 86.39459999999994
5.029279605413859, 1.8629475929017518, 86.88989999999994
5.029279605413859, 1.8629475929017518, 87.39559999999993
5.029279605413859, 1.8629475929017518, 87.88789999999992
5.010882029251193, 1.899795042762316, 88.36439999999992
5.010882029251193, 1.899795042762316, 88.83959999999992
5.010882029251193, 1.899795042762316, 89.2959999999999
5.010882029251193, 1.899795042762316, 89.7511999999999
4.995800682071449, 1.9436083767923562, 90.21119999999989
4.995800682071449, 1.9436083767923562, 90.65109999999989
4.995800682071449, 1.9436083767923562, 91.09769999999989
4.9783503275151695, 1.9820281925379122, 91.5619999999999
4.9783503275151695, 1.9820281925379122, 92.0019999999999
4.9783503275151695, 1.9820281925379122, 92.4412999999999
4.9615095670746845, 2.0077439922707487, 92.8805999999999
4.9615095670746845, 2.0077439922707487, 93.3155999999999
4.9615095670746845, 2.0077439922707487, 93.7438999999999
4.9615095670746845, 2.0077439922707487, 94.1984999999999
4.94280144341474, 2.0421676456703004, 94.6414999999999
4.94280144341474, 2.0421676456703004, 95.06489999999991
4.94280144341474, 2.0421676456703004, 95.4871999999999
4.924287414124508, 2.0781061684188717, 95.92229999999991
4.924287414124508, 2.0781061684188717, 96.3554999999999
4.924287414124508, 2.0781061684188717, 96.79179999999991
4.902497891078807, 2.1103070554802987, 97.2195999999999
4.902497891078807, 2.1103070554802987, 97.63209999999991
4.902497891078807, 2.1103070554802987, 98.0616999999999
4.902497891078807, 2.1103070554802987, 98.5076999999999
4.884429434782765, 2.133716567660732, 98.9542999999999
4.884429434782765, 2.133716567660732, 99.4015999999999
4.884429434782765, 2.133716567660732, 99.8329999999999
4.867020893972645, 2.162276655383284, 100.2472999999999
4.867020893972645, 2.162276655383284, 100.6731999999999
4.867020893972645, 2.162276655383284, 101.10759999999989
4.848766014286299, 2.1958723633606443, 101.53539999999988
4.848766014286299, 2.1958723633606443, 101.98629999999989
4.848766014286299, 2.1958723633606443, 102.44509999999988
4.848766014286299, 2.1958723633606443, 102.88569999999987
4.825900237889405, 2.221128323934564, 103.32929999999986
4.825900237889405, 2.221128323934564, 103.76979999999986
4.825900237889405, 2.221128323934564, 104.21709999999986
4.803787587428142, 2.246441760163525, 104.67719999999986
4.803787587428142, 2.246441760163525, 105.13729999999985
4.803787587428142, 2.246441760163525, 105.59299999999986
4.77913208558191, 2.281011518583964, 106.04509999999985
4.77913208558191, 2.281011518583964, 106.49719999999985
4.77913208558191, 2.281011518583964, 106.95849999999984
4.77913208558191, 2.281011518583964, 107.43559999999985
4.751160357567439, 2.3086153927588535, 107.90359999999984
4.751160357567439, 2.3086153927588535, 108.38129999999983
4.751160357567439, 2.3086153927588535, 108.87599999999982
4.722634507243868, 2.330439236497624, 109.35499999999982
4.722634507243868, 2.330439236497624, 109.84669999999981
4.722634507243868, 2.330439236497624, 110.34999999999982
4.722634507243868, 2.330439236497624, 110.83689999999983
4.69696481328069, 2.3643690684528784, 111.34389999999982
4.69696481328069, 2.3643690684528784, 111.85759999999982
4.69696481328069, 2.3643690684528784, 112.36699999999982
4.667652768798171, 2.3946082611078667, 112.87889999999982
4.667652768798171, 2.3946082611078667, 113.37369999999983
4.667652768798171, 2.3946082611078667, 113.88989999999984
4.639264700380732, 2.420417789317192, 114.38099999999986
4.639264700380732, 2.420417789317192, 114.88679999999987
4.639264700380732, 2.420417789317192, 115.41699999999987
4.6042895874605625, 2.4573875613692637, 115.92519999999988
4.6042895874605625, 2.4573875613692637, 116.45349999999986
4.6042895874605625, 2.4573875613692637, 116.97509999999987
4.6042895874605625, 2.4573875613692637, 117.45959999999987
4.6042895874605625, 2.4573875613692637, 117.95199999999987
4.566088465346649, 2.4924610523109, 118.45419999999987
4.566088465346649, 2.4924610523109, 118.92949999999988
4.566088465346649, 2.4924610523109, 119.41459999999988
4.566088465346649, 2.4924610523109, 119.88929999999989
4.5192535792902895, 2.5241754805994767, 120.36999999999989
4.5192535792902895, 2.5241754805994767, 120.8549999999999
4.5192535792902895, 2.5241754805994767, 121.3314999999999
4.486901948056349, 2.5423321901325626, 121.80799999999992
4.486901948056349, 2.5423321901325626, 122.26679999999992
4.486901948056349, 2.5423321901325626, 122.70369999999993
4.454562898502061, 2.5649525470559853, 123.13869999999993
4.454562898502061, 2.5649525470559853, 123.56949999999992
4.454562898502061, 2.5649525470559853, 124.00089999999992
4.454562898502061, 2.5649525470559853, 124.44939999999991
4.425197538836753, 2.587499852054137, 124.8849999999999
4.425197538836753, 2.587499852054137, 125.3096999999999
4.425197538836753, 2.587499852054137, 125.7220999999999
4.425197538836753, 2.587499852054137, 126.12119999999989
4.425197538836753, 2.587499852054137, 126.51469999999989
4.392764436545188, 2.599200079199226, 126.9314999999999
4.392764436545188, 2.599200079199226, 127.34209999999992
4.392764436545188, 2.599200079199226, 127.75029999999992
4.392764436545188, 2.599200079199226, 128.15599999999992
4.340864334549284, 2.636490663260985, 128.55809999999994
4.340864334549284, 2.636490663260985, 128.94189999999992
4.340864334549284, 2.636490663260985, 129.35309999999993
4.340864334549284, 2.636490663260985, 129.77289999999994
4.291115065264458, 2.6556446424142615, 130.16949999999994
4.291115065264458, 2.6556446424142615, 130.54719999999995
4.291115065264458, 2.6556446424142615, 130.94259999999994
4.291115065264458, 2.6556446424142615, 131.34289999999993
4.262348634281129, 2.6639495597688243, 131.75109999999992
4.262348634281129, 2.6639495597688243, 132.18549999999993
4.262348634281129, 2.6639495597688243, 132.61199999999994
4.227317447250748, 2.6742889423321454, 133.02199999999993
4.227317447250748, 2.6742889423321454, 133.4398999999999
4.227317447250748, 2.6742889423321454, 133.8658999999999
4.192758911023207, 2.6839518638265902, 134.2947999999999
4.192758911023207, 2.6839518638265902, 134.7456999999999
4.192758911023207, 2.6839518638265902, 135.2008999999999
4.160055996034633, 2.6964565309286765, 135.6365999999999
4.160055996034633, 2.6964565309286765, 136.09909999999988
4.160055996034633, 2.6964565309286765, 136.56039999999987
4.160055996034633, 2.6964565309286765, 137.00709999999987
4.121913338551137, 2.702883283568289, 137.4585999999999
4.121913338551137, 2.702883283568289, 137.9192999999999
4.121913338551137, 2.702883283568289, 138.3824999999999
4.08359791301096, 2.710871914230489, 138.8589999999999
4.08359791301096, 2.710871914230489, 139.33359999999988
4.08359791301096, 2.710871914230489, 139.80469999999985
4.046072517991348, 2.716295738897258, 140.26109999999986
4.046072517991348, 2.716295738897258, 140.70649999999986
4.046072517991348, 2.716295738897258, 141.17459999999988
4.046072517991348, 2.716295738897258, 141.6577999999999
4.00704278507583, 2.7245298638652637, 142.1312999999999
4.00704278507583, 2.7245298638652637, 142.6046999999999
4.00704278507583, 2.7245298638652637, 143.07379999999986
3.967229852223656, 2.731016645800723, 143.5222999999999
3.967229852223656, 2.731016645800723, 144.00669999999988
3.967229852223656, 2.731016645800723, 144.49659999999986
3.9276954781062914, 2.7353120969671805, 144.97919999999988
3.9276954781062914, 2.7353120969671805, 145.46049999999988
3.9276954781062914, 2.7353120969671805, 145.92169999999987
3.9276954781062914, 2.7353120969671805, 146.38789999999986
3.8892373604220305, 2.7465524732089257, 146.8698999999999
3.8892373604220305, 2.7465524732089257, 147.34819999999988
3.8892373604220305, 2.7465524732089257, 147.84539999999987
3.846657412569651, 2.759090831640581, 148.3261999999999
3.846657412569651, 2.759090831640581, 148.7971999999999
3.846657412569651, 2.759090831640581, 149.27669999999992
3.809020471849641, 2.756368296158924, 149.7427999999999
3.809020471849641, 2.756368296158924, 150.1906999999999
3.809020471849641, 2.756368296158924, 150.6355999999999
3.809020471849641, 2.756368296158924, 151.0711999999999
3.7703381879870896, 2.764403937694941, 151.4976999999999
3.7703381879870896, 2.764403937694941, 151.8820999999999
3.7703381879870896, 2.764403937694941, 152.2499999999999
3.7252377915938535, 2.7761874070340813, 152.56549999999987
3.7252377915938535, 2.7761874070340813, 152.8383999999999
3.7252377915938535, 2.7761874070340813, 153.1258999999999
3.681493286700644, 2.7796365014556788, 153.39499999999987
3.681493286700644, 2.7796365014556788, 153.6842999999999
3.681493286700644, 2.7796365014556788, 153.99139999999989
3.681493286700644, 2.7796365014556788, 154.2958999999999
3.644565744073806, 2.7839059018080428, 154.59609999999992
3.644565744073806, 2.7839059018080428, 154.86759999999992
3.644565744073806, 2.7839059018080428, 155.12949999999992
3.603220319653099, 2.794438397574272, 155.40839999999992
3.603220319653099, 2.794438397574272, 155.68239999999994
3.603220319653099, 2.794438397574272, 155.96679999999995
3.560798639201102, 2.798025958547437, 156.25789999999995
3.560798639201102, 2.798025958547437, 156.53929999999994
3.560798639201102, 2.798025958547437, 156.81829999999994
3.560798639201102, 2.798025958547437, 157.11129999999991
3.5228374927730837, 2.801503937870032, 157.39689999999993
3.5228374927730837, 2.801503937870032, 157.67399999999995
3.5228374927730837, 2.801503937870032, 157.93949999999992
3.486179761532467, 2.8049688989363974, 158.21229999999994
3.486179761532467, 2.8049688989363974, 158.48329999999993
3.486179761532467, 2.8049688989363974, 158.75429999999994
3.447953713702607, 2.802013892008527, 159.03449999999992
3.447953713702607, 2.802013892008527, 159.33109999999994
3.447953713702607, 2.802013892008527, 159.63439999999994
3.4072692815778263, 2.804608994137909, 159.9279999999999
3.4072692815778263, 2.804608994137909, 160.18929999999992
3.4072692815778263, 2.804608994137909, 160.45549999999992
3.4072692815778263, 2.804608994137909, 160.72959999999992
3.3667507866742024, 2.809954384151027, 161.0177999999999
3.3667507866742024, 2.809954384151027, 161.3326999999999
3.3667507866742024, 2.809954384151027, 161.6464999999999
3.325757722589915, 2.813050951673197, 161.9052999999999
3.325757722589915, 2.813050951673197, 162.17869999999988
3.325757722589915, 2.813050951673197, 162.4880999999999
3.325757722589915, 2.813050951673197, 162.79869999999988
3.284141644235988, 2.8083746522713473, 163.11849999999987
3.284141644235988, 2.8083746522713473, 163.42799999999988
3.284141644235988, 2.8083746522713473, 163.7221999999999
3.2412434772905327, 2.80678813270339, 164.0145999999999
3.2412434772905327, 2.80678813270339, 164.3031999999999
3.2412434772905327, 2.80678813270339, 164.6052999999999
3.2005571272775333, 2.806457969922417, 164.8939999999999
3.2005571272775333, 2.806457969922417, 165.1918999999999
3.2005571272775333, 2.806457969922417, 165.49219999999988
3.2005571272775333, 2.806457969922417, 165.7894999999999
3.158025820663552, 2.804824446475412, 166.0842999999999
3.158025820663552, 2.804824446475412, 166.3845999999999
3.158025820663552, 2.804824446475412, 166.6860999999999
3.1157429977573483, 2.799309724331838, 166.9900999999999
3.1157429977573483, 2.799309724331838, 167.3196999999999
3.1157429977573483, 2.799309724331838, 167.6370999999999
3.0703981861275182, 2.791723726802254, 167.9172999999999
3.0703981861275182, 2.791723726802254, 168.19989999999987
3.0703981861275182, 2.791723726802254, 168.4897999999999
3.0274699461056076, 2.788447336653943, 168.7900999999999
3.0274699461056076, 2.788447336653943, 169.10379999999992
3.0274699461056076, 2.788447336653943, 169.4156999999999
3.0274699461056076, 2.788447336653943, 169.67699999999988
2.9835081056199577, 2.7843795319147175, 169.91939999999988
2.9835081056199577, 2.7843795319147175, 170.15939999999986
2.9835081056199577, 2.7843795319147175, 170.3675999999999
2.945576190540637, 2.7735341434702354, 170.4891999999999
2.945576190540637, 2.7735341434702354, 170.5437999999999
2.945576190540637, 2.7735341434702354, 170.5455999999999
2.908457547311883, 2.766125964105513, 170.5278999999999
2.908457547311883, 2.766125964105513, 170.51869999999988
2.908457547311883, 2.766125964105513, 170.49729999999988
2.908457547311883, 2.766125964105513, 170.3905999999999
2.8667045285162516, 2.773477216854278, 170.2423999999999
2.8667045285162516, 2.773477216854278, 170.0635999999999
2.8667045285162516, 2.773477216854278, 169.9116999999999
2.8263812022331916, 2.7672495149645973, 169.76289999999992
2.8263812022331916, 2.7672495149645973, 169.63479999999993
2.8263812022331916, 2.7672495149645973, 169.53229999999994
2.7864799702693865, 2.771591964685025, 169.42129999999995
2.7864799702693865, 2.771591964685025, 169.29129999999992
2.7864799702693865, 2.771591964685025, 169.12599999999992
2.7864799702693865, 2.771591964685025, 168.9788999999999
2.7466815350657177, 2.7854676648665357, 168.86419999999987
2.7466815350657177, 2.7854676648665357, 168.74589999999986
2.7466815350657177, 2.7854676648665357, 168.61899999999986
2.7050362261433234, 2.795114732170649, 168.47989999999984
2.7050362261433234, 2.795114732170649, 168.33959999999985
2.7050362261433234, 2.795114732170649, 168.23039999999986
2.7050362261433234, 2.795114732170649, 168.14019999999985
2.666198668496044, 2.8019384690636366, 168.04379999999983
2.666198668496044, 2.8019384690636366, 167.90169999999983
2.666198668496044, 2.8019384690636366, 167.74689999999984
2.6256520191063935, 2.8085192580101177, 167.60349999999983
2.6256520191063935, 2.8085192580101177, 167.48579999999984
2.6256520191063935, 2.8085192580101177, 167.37479999999985
2.5866581104254993, 2.827219056561941, 167.25289999999987
2.5866581104254993, 2.827219056561941, 167.11379999999988
2.5866581104254993, 2.827219056561941, 166.98749999999987
2.5866581104254993, 2.827219056561941, 166.86129999999986
2.5484941267382006, 2.830569059458043, 166.74119999999985
2.5484941267382006, 2.830569059458043, 166.63869999999986
2.5484941267382006, 2.830569059458043, 166.53379999999987
2.5120198233801667, 2.8340105113375156, 166.39589999999987
2.5120198233801667, 2.8340105113375156, 166.26839999999984
2.5120198233801667, 2.8340105113375156, 166.14639999999983
2.5120198233801667, 2.8340105113375156, 166.02319999999983
2.4719884787692346, 2.846068358246925, 165.91649999999984
2.4719884787692346, 2.846068358246925, 165.82749999999984
2.4334740511278823, 2.8597795413378058, 165.72079999999983
2.4334740511278823, 2.8597795413378058, 165.59889999999982
2.4334740511278823, 2.8597795413378058, 165.49589999999984
2.4334740511278823, 2.8597795413378058, 165.4135999999998
2.39640573214636, 2.870225960036996, 165.3330999999998
2.39640573214636, 2.870225960036996, 165.25869999999978
2.39640573214636, 2.870225960036996, 165.1579999999998
2.3597450068902175, 2.8838536174955416, 165.0517999999998
2.3597450068902175, 2.8838536174955416, 164.95669999999978
2.3597450068902175, 2.8838536174955416, 164.8669999999998
2.3597450068902175, 2.8838536174955416, 164.78109999999978
2.3224311953217835, 2.8880185318749625, 164.69379999999978
2.3224311953217835, 2.8880185318749625, 164.58519999999976
2.3224311953217835, 2.8880185318749625, 164.49669999999975
2.2822125849139905, 2.8942493410478938, 164.41009999999977
2.2822125849139905, 2.8942493410478938, 164.32469999999978
2.2822125849139905, 2.8942493410478938, 164.23989999999975
2.2420027218547856, 2.899093258737822, 164.15879999999976
2.2420027218547856, 2.899093258737822, 164.07399999999976
2.2420027218547856, 2.899093258737822, 163.97939999999977
2.2420027218547856, 2.899093258737822, 163.89759999999978
2.2003806570400237, 2.914742356238, 163.84509999999977
2.2003806570400237, 2.914742356238, 163.79079999999976
2.2003806570400237, 2.914742356238, 163.73959999999974
2.15856066318118, 2.923026037089324, 163.70599999999976
2.15856066318118, 2.923026037089324, 163.67299999999975
2.15856066318118, 2.923026037089324, 163.64249999999976
2.1194125590528707, 2.9274259718314646, 163.59069999999977
2.1194125590528707, 2.9274259718314646, 163.53519999999975
2.1194125590528707, 2.9274259718314646, 163.49669999999975
2.1194125590528707, 2.9274259718314646, 163.47529999999975
2.088751686678615, 2.9325861724471927, 163.45209999999977
2.088751686678615, 2.9325861724471927, 163.41609999999977
2.088751686678615, 2.9325861724471927, 163.38069999999976
2.04649594458691, 2.938924016419848, 163.33309999999977
2.04649594458691, 2.938924016419848, 163.28249999999977
2.04649594458691, 2.938924016419848, 163.25129999999976
2.0107028858717815, 2.950592809856664, 163.2212999999998
2.0107028858717815, 2.950592809856664, 163.1846999999998
2.0107028858717815, 2.950592809856664, 163.1474999999998
2.0107028858717815, 2.950592809856664, 163.10719999999984
1.975322331225316, 2.958205412693238, 163.05709999999985
1.975322331225316, 2.958205412693238, 163.01549999999986
1.975322331225316, 2.958205412693238, 162.98739999999987
1.9383860431439006, 2.9638617045929734, 162.95629999999989
1.9383860431439006, 2.9638617045929734, 162.92879999999988
1.9383860431439006, 2.9638617045929734, 162.9104999999999
1.9383860431439006, 2.9638617045929734, 162.87209999999988
1.9383860431439006, 2.9638617045929734, 162.82019999999986
1.8996018033770632, 2.9783773375634386, 162.7749999999999
1.8996018033770632, 2.9783773375634386, 162.7529999999999
1.8996018033770632, 2.9783773375634386, 162.7412999999999
1.8456899651719758, 2.9956010520218177, 162.7113999999999
1.8456899651719758, 2.9956010520218177, 162.6674999999999
1.8456899651719758, 2.9956010520218177, 162.6167999999999
1.8456899651719758, 2.9956010520218177, 162.5917999999999
1.8076336910770303, 3.0012468676319233, 162.5832999999999
1.8076336910770303, 3.0012468676319233, 162.5752999999999
1.8076336910770303, 3.0012468676319233, 162.5520999999999
1.7714417828719884, 3.008347528946026, 162.5062999999999
1.7714417828719884, 3.008347528946026, 162.4763999999999
1.7714417828719884, 3.008347528946026, 162.4537999999999
1.7350101349937272, 3.0179425004522287, 162.45369999999988
1.7350101349937272, 3.0179425004522287, 162.4432999999999
1.7350101349937272, 3.0179425004522287, 162.4036999999999
1.7350101349937272, 3.0179425004522287, 162.3646999999999
1.6967685121786982, 3.0206865410047508, 162.3396999999999
1.6967685121786982, 3.0206865410047508, 162.3402999999999
1.6967685121786982, 3.0206865410047508, 162.35049999999987
1.6656174989389974, 3.0292969882457257, 162.3364999999999
1.6656174989389974, 3.0292969882457257, 162.28959999999987
1.6656174989389974, 3.0292969882457257, 162.24999999999986
1.6247728824501877, 3.0379176197203948, 162.24879999999987
1.6247728824501877, 3.0379176197203948, 162.2637999999999
1.6247728824501877, 3.0379176197203948, 162.2799999999999
1.6247728824501877, 3.0379176197203948, 162.2731999999999
1.584966778834065, 3.040092240703997, 162.25069999999988
1.584966778834065, 3.040092240703997, 162.22019999999986
1.584966778834065, 3.040092240703997, 162.20919999999987
1.5437951961669192, 3.0359748873883174, 162.21099999999987
1.5437951961669192, 3.0359748873883174, 162.23019999999988
1.5437951961669192, 3.0359748873883174, 162.24279999999987
1.5034639660731624, 3.0471473117556127, 162.24759999999986
1.5034639660731624, 3.0471473117556127, 162.27469999999988
1.5034639660731624, 3.0471473117556127, 162.2787999999999
1.5034639660731624, 3.0471473117556127, 162.2745999999999
1.462593110405936, 3.0599286179484695, 162.26359999999988
1.462593110405936, 3.0599286179484695, 162.2901999999999
1.462593110405936, 3.0599286179484695, 162.34169999999992
1.4222279732343095, 3.063560638111075, 162.3992999999999
1.4222279732343095, 3.063560638111075, 162.46719999999988
1.4222279732343095, 3.063560638111075, 162.56929999999988
1.3855295057051271, 3.063797349914879, 162.73849999999987
1.3855295057051271, 3.063797349914879, 162.98749999999987
1.3855295057051271, 3.063797349914879, 163.26769999999988
1.3855295057051271, 3.063797349914879, 163.54359999999988
1.3470705456143095, 3.059024492623218, 163.8316999999999
1.3470705456143095, 3.059024492623218, 164.1659999999999
1.3470705456143095, 3.059024492623218, 164.53699999999992
1.3087687789363516, 3.0583888008511475, 164.9622999999999
1.3087687789363516, 3.0583888008511475, 165.3966999999999
1.3087687789363516, 3.0583888008511475, 165.7999999999999
1.2719431942697073, 3.056178207806781, 166.1697999999999
1.2719431942697073, 3.056178207806781, 166.5353999999999
1.2719431942697073, 3.056178207806781, 166.9038999999999
1.2719431942697073, 3.056178207806781, 167.3120999999999
1.2313199816397158, 3.0490650807982744, 167.7428999999999
1.2313199816397158, 3.0490650807982744, 168.1535999999999
1.2313199816397158, 3.0490650807982744, 168.5489999999999
1.1900193633227003, 3.0395751474562314, 168.9223999999999
1.1900193633227003, 3.0395751474562314, 169.29159999999993
1.1900193633227003, 3.0395751474562314, 169.68339999999995
1.1545146833306381, 3.0345777437390846, 170.09829999999994
1.1545146833306381, 3.0345777437390846, 170.48769999999993
1.1545146833306381, 3.0345777437390846, 170.86119999999994
1.1545146833306381, 3.0345777437390846, 171.21139999999997
1.1145562993757459, 3.0253777661296004, 171.56279999999998
1.1145562993757459, 3.0253777661296004, 171.951
1.1145562993757459, 3.0253777661296004, 172.35359999999997
1.0762274519398551, 3.0128895055241456, 172.74109999999996
1.0762274519398551, 3.0128895055241456, 173.13459999999995
1.0762274519398551, 3.0128895055241456, 173.52879999999996
1.0449446429954268, 2.997188866603871, 173.91379999999995
1.0449446429954268, 2.997188866603871, 174.32559999999992
1.0449446429954268, 2.997188866603871, 174.75209999999993
1.0449446429954268, 2.997188866603871, 175.1651999999999
1.0085258100942867, 2.9821462755377417, 175.5842999999999
1.0085258100942867, 2.9821462755377417, 176.0033999999999
1.0085258100942867, 2.9821462755377417, 176.4127999999999
0.9652744416132545, 2.971982433891818, 176.83629999999988
0.9652744416132545, 2.971982433891818, 177.2828999999999
0.9652744416132545, 2.971982433891818, 177.7154999999999
0.9251763559641433, 2.955871497534753, 178.16269999999992
0.9251763559641433, 2.955871497534753, 178.6075999999999
0.9251763559641433, 2.955871497534753, 179.05669999999992
0.9251763559641433, 2.955871497534753, 179.47949999999994
0.8860886282413559, 2.9345499496902048, 179.89199999999994
0.8860886282413559, 2.9345499496902048, 180.33569999999995
0.8860886282413559, 2.9345499496902048, 180.75669999999997
0.8373586983754631, 2.9180052183719556, 181.19719999999995
0.8373586983754631, 2.9180052183719556, 181.64019999999996
0.8373586983754631, 2.9180052183719556, 182.03919999999997
0.8002712031508584, 2.899198931157033, 182.45599999999996
0.8002712031508584, 2.899198931157033, 182.89279999999997
0.8002712031508584, 2.899198931157033, 183.30949999999996
0.8002712031508584, 2.899198931157033, 183.73299999999995
0.7503048309917372, 2.8817347973890453, 184.15029999999993
0.7503048309917372, 2.8817347973890453, 184.57009999999994
0.7503048309917372, 2.8817347973890453, 185.00819999999993
0.7089897137466388, 2.8648559497645243, 185.4577999999999
0.7089897137466388, 2.8648559497645243, 185.8934999999999
0.7089897137466388, 2.8648559497645243, 186.2852999999999
0.6668244225744852, 2.847162178803027, 186.6916999999999
0.6668244225744852, 2.847162178803027, 187.08589999999992
0.6668244225744852, 2.847162178803027, 187.45939999999996
0.6668244225744852, 2.847162178803027, 187.82739999999995
0.6267651560688848, 2.831354213142176, 188.16729999999998
0.6267651560688848, 2.831354213142176, 188.49559999999997
0.6267651560688848, 2.831354213142176, 188.83489999999998
0.5917885975257655, 2.8071963097388823, 189.1352
0.5917885975257655, 2.8071963097388823, 189.4123
0.5917885975257655, 2.8071963097388823, 189.6436
0.5531240402846505, 2.7833569524320754, 189.79259999999996
0.5531240402846505, 2.7833569524320754, 189.85389999999995
0.5531240402846505, 2.7833569524320754, 189.88659999999996
0.5531240402846505, 2.7833569524320754, 189.93509999999995
0.5182338636066752, 2.758418098924555, 189.96089999999995
0.5182338636066752, 2.758418098924555, 189.92619999999994
0.5182338636066752, 2.758418098924555, 189.83779999999993
0.47431191710640985, 2.74156529824028, 189.72809999999996
0.47431191710640985, 2.74156529824028, 189.64819999999997
0.47431191710640985, 2.74156529824028, 189.62009999999998
0.43208732240052083, 2.7365050333971994, 189.6315
0.43208732240052083, 2.7365050333971994, 189.6096
0.43208732240052083, 2.7365050333971994, 189.5565
0.43208732240052083, 2.7365050333971994, 189.4791
0.3898307387644102, 2.726829634048451, 189.4132
0.3898307387644102, 2.726829634048451, 189.3827
0.3898307387644102, 2.726829634048451, 189.3789
0.34912605474518804, 2.7132600070382336, 189.3697
0.34912605474518804, 2.7132600070382336, 189.3392
0.34912605474518804, 2.7132600070382336, 189.29160000000002
0.31506940059896493, 2.707923099236388, 189.2544
0.31506940059896493, 2.707923099236388, 189.2477
0.31506940059896493, 2.707923099236388, 189.24470000000002
0.31506940059896493, 2.707923099236388, 189.2543
0.2857537590522809, 2.70321055363725, 189.2452
0.2857537590522809, 2.70321055363725, 189.20130000000003
0.2857537590522809, 2.70321055363725, 189.16040000000007
0.2857537590522809, 2.70321055363725, 189.13480000000007
0.2651350203915116, 2.6950741043414097, 189.12990000000008
0.2651350203915116, 2.6950741043414097, 189.14190000000005
0.2651350203915116, 2.6950741043414097, 189.14850000000004
0.2651350203915116, 2.6950741043414097, 189.14000000000004
0.24510922164044988, 2.6930206584152154, 189.11070000000004
0.24510922164044988, 2.6930206584152154, 189.08440000000004
0.24510922164044988, 2.6930206584152154, 189.07210000000003
0.23547192621840332, 2.6905600403641254, 189.06910000000005
0.23547192621840332, 2.6905600403641254, 189.06670000000005
0.23547192621840332, 2.6905600403641254, 189.05630000000002
0.23547192621840332, 2.6905600403641254, 189.0398
0.23235170933347263, 2.688034304845384, 189.02390000000003
0.23235170933347263, 2.688034304845384, 189.0191
0.23235170933347263, 2.688034304845384, 189.0185
0.23179950262846302, 2.6851795397858087, 189.0155
0.23179950262846302, 2.6851795397858087, 189.0045
0.23179950262846302, 2.6851795397858087, 188.9856
0.2326302672607408, 2.6858429687825156, 188.9776
0.2326302672607408, 2.6858429687825156, 188.9752
0.2326302672607408, 2.6858429687825156, 188.97639999999998
0.2326302672607408, 2.6858429687825156, 188.9734
0.2342811321038299, 2.685631452517632, 188.96290000000002
0.2342811321038299, 2.685631452517632, 188.9518
0.2342811321038299, 2.685631452517632, 188.9438
0.23195477784686513, 2.686391444563427, 188.94140000000002
0.23195477784686513, 2.686391444563427, 188.93540000000002
0.23195477784686513, 2.686391444563427, 188.92430000000002
0.23113467715816235, 2.687266389780155, 188.912
0.23113467715816235, 2.687266389780155, 188.9059
0.23113467715816235, 2.687266389780155, 188.90109999999999
0.23116283094587886, 2.686030983181023, 188.89689999999996
0.23116283094587886, 2.686030983181023, 188.89019999999994
0.23116283094587886, 2.686030983181023, 188.87909999999994
0.23116283094587886, 2.686030983181023, 188.86859999999993
0.2297342146874007, 2.686521974260115, 188.85999999999993
0.2297342146874007, 2.686521974260115, 188.8551999999999
0.2297342146874007, 2.686521974260115, 188.8491999999999
0.2297342146874007, 2.686521974260115, 188.8405999999999
0.23077656270649233, 2.685926501811442, 188.83339999999993
0.23077656270649233, 2.685926501811442, 188.82619999999994
0.23077656270649233, 2.685926501811442, 188.82019999999994
0.2298700791383406, 2.687582387395114, 188.81289999999996
0.2298700791383406, 2.687582387395114, 188.80429999999998
0.2298700791383406, 2.687582387395114, 188.7944
0.2302845035997673, 2.6864514688599437, 188.78889999999998
0.2302845035997673, 2.6864514688599437, 188.78699999999998
0.2302845035997673, 2.6864514688599437, 188.78209999999999
0.22722251291190912, 2.68438019294923, 188.77599999999998
0.22722251291190912, 2.68438019294923, 188.76369999999997
0.22722251291190912, 2.68438019294923, 188.75569999999996
0.22722251291190912, 2.68438019294923, 188.74959999999993
0.22591035297213957, 2.685780107356193, 188.74409999999992
0.22591035297213957, 2.685780107356193, 188.74169999999992
0.22591035297213957, 2.685780107356193, 188.73059999999992
0.2267217077634835, 2.686292053872142, 188.7194999999999
0.2267217077634835, 2.686292053872142, 188.7146999999999
0.2267217077634835, 2.686292053872142, 188.70749999999992
0.22477970231282465, 2.6842312522497664, 188.70209999999994
0.22477970231282465, 2.6842312522497664, 188.69219999999996
0.22477970231282465, 2.6842312522497664, 188.68179999999995
0.22477970231282465, 2.6842312522497664, 188.67449999999997
0.22618891112372616, 2.6835887758518244, 188.66909999999996
0.22618891112372616, 2.6835887758518244, 188.66369999999995
0.22618891112372616, 2.6835887758518244, 188.65579999999994
0.22634418484603241, 2.6848006739097046, 188.64789999999996
0.22634418484603241, 2.6848006739097046, 188.6393
0.22634418484603241, 2.6848006739097046, 188.63449999999997
0.22634418484603241, 2.6848006739097046, 188.63209999999998
