-0.0003455336049138397, 0.0031237601374857447, 0.1078991365044378
-0.0003455336049138397, 0.0031237601374857447, 0.1078991365044378
-0.0003455336049138397, 0.0031237601374857447, 0.1078991365044378
-0.0003455336049138397, 0.0031237601374857447, 0.1078991365044378
-6.829433058822064e-06, 0.004312162748338818, 0.1078991365044378
-6.829433058822064e-06, 0.004312162748338818, 0.1078991365044378
-6.829433058822064e-06, 0.004312162748338818, 0.1078991365044378
0.0008045260019733693, 0.004824104220094197, 0.1078991365044378
0.0008045260019733693, 0.004824104220094197, 0.1078991365044378
0.0008045260019733693, 0.004824104220094197, 0.1078991365044378
-0.0009045671565173637, 0.00458115625408249, 0.1078991365044378
-0.0009045671565173637, 0.00458115625408249, 0.1078991365044378
-0.0009045671565173637, 0.00458115625408249, 0.1078991365044378
-0.0009045671565173637, 0.00458115625408249, 0.1078991365044378
1.917029967790987e-06, 0.0029252716359457996, 0.1078991365044378
1.917029967790987e-06, 0.0029252716359457996, 0.1078991365044378
1.917029967790987e-06, 0.0029252716359457996, 0.1078991365044378
0.0002348272428170218, 0.004743117837204043, 0.1078991365044378
0.0002348272428170218, 0.004743117837204043, 0.1078991365044378
0.0002348272428170218, 0.004743117837204043, 0.07618828104453959
0.00021541844934218173, 0.004591632959185604, 0.07618828104453959
0.00021541844934218173, 0.004591632959185604, 0.07618828104453959
0.00021541844934218173, 0.004591632959185604, 0.07618828104453959
-0.001012276590873349, 0.002285344575836025, 0.07618828104453959
-0.001012276590873349, 0.002285344575836025, 0.07618828104453959
-0.001012276590873349, 0.002285344575836025, 0.07618828104453959
-0.001012276590873349, 0.002285344575836025, 0.07618828104453959
-0.002121598393599961, 0.003813241163495171, 0.07618828104453959
-0.002121598393599961, 0.003813241163495171, 0.07618828104453959
-0.002121598393599961, 0.003813241163495171, 0.07618828104453959
-0.0009258940098637179, 0.0015044022524623943, 0.07618828104453959
-0.0009258940098637179, 0.0015044022524623943, 0.07618828104453959
-0.0009258940098637179, 0.0015044022524623943, 0.07618828104453959
-0.0013014996827842825, 0.0029382922445726108, 0.07618828104453959
-0.0013014996827842825, 0.0029382922445726108, 0.07618828104453959
-0.0013014996827842825, 0.0029382922445726108, 0.07618828104453959
-0.0013014996827842825, 0.0029382922445726108, 0.07618828104453959
-0.0009540498593438565, 0.0027398015115725005, 0.07618828104453959
-0.0009540498593438565, 0.0027398015115725005, 0.07618828104453959
-0.0009540498593438565, 0.0027398015115725005, 0.07618828104453959
-0.000934640254427812, 0.0028912886210511043, 0.07618828104453959
-0.000934640254427812, 0.0028912886210511043, 0.07618828104453959
-0.000934640254427812, 0.0028912886210511043, 0.07618828104453959
-0.0014849287064581701, 0.002961793951001872, 0.07618828104453959
-0.0014849287064581701, 0.002961793951001872, 0.07618828104453959
-0.0014849287064581701, 0.002961793951001872, 0.07618828104453959
-0.0014849287064581701, 0.002961793951001872, 0.07618828104453959
-0.0012539336588206084, 0.0018543776528179598, 0.07618828104453959
-0.0012539336588206084, 0.0018543776528179598, 0.07618828104453959
-0.0012539336588206084, 0.0018543776528179598, 0.07618828104453959
-0.0004037609469772665, 0.0026692961114007374, 0.07618828104453959
-0.0004037609469772665, 0.0026692961114007374, 0.07618828104453959
-0.0004037609469772665, 0.0026692961114007374, 0.07618828104453959
-0.0009540498593438565, 0.0027398015115725005, 0.07618828104453959
-0.0009540498593438565, 0.0027398015115725005, 0.07618828104453959
-0.0009540498593438565, 0.0027398015115725005, 0.07618828104453959
-0.0009540498593438565, 0.0027398015115725005, 0.07618828104453959
-0.0016314555268565653, 0.0003630076578301638, 0.07618828104453959
-0.0016314555268565653, 0.0003630076578301638, 0.07618828104453959
-0.0016314555268565653, 0.0003630076578301638, 0.07618828104453959
3.007228646924399e-05, 0.0016898654015712203, 0.07618828104453959
3.007228646924399e-05, 0.0016898654015712203, 0.07618828104453959
3.007228646924399e-05, 0.0016898654015712203, 0.07618828104453959
-0.00023974069922297038, 0.0024943096420370955, 0.07618828104453959
-0.00023974069922297038, 0.0024943096420370955, 0.07618828104453959
-0.00023974069922297038, 0.0024943096420370955, 0.07618828104453959
-0.00023974069922297038, 0.0024943096420370955, 0.07618828104453959
-0.0006842368560963935, 0.001935357386190683, 0.07618828104453959
-0.0006842368560963935, 0.001935357386190683, 0.07618828104453959
-0.0006842368560963935, 0.001935357386190683, 0.07618828104453959
0.0007569604383459268, 0.005908018741627854, 0.07618828104453959
0.0007569604383459268, 0.005908018741627854, 0.07618828104453959
0.0007569604383459268, 0.005908018741627854, 0.07618828104453959
-0.0005464552210912293, 0.005921046255298144, 0.07618828104453959
-0.0005464552210912293, 0.005921046255298144, 0.07618828104453959
-0.0005464552210912293, 0.005921046255298144, 0.07618828104453959
-0.0005464552210912293, 0.005921046255298144, 0.07618828104453959
-0.0002853891587618597, 0.006503493197446281, 0.07618828104453959
-0.0002853891587618597, 0.006503493197446281, 0.07618828104453959
-0.0002853891587618597, 0.006503493197446281, 0.07618828104453959
-0.00032420709681651235, 0.006200521139728244, 0.07618828104453959
-0.00032420709681651235, 0.006200521139728244, 0.07618828104453959
-0.00032420709681651235, 0.006200521139728244, 0.07618828104453959
-0.0009521327377000546, 0.005665070660532088, 0.07618828104453959
-0.0009521327377000546, 0.005665070660532088, 0.07618828104453959
-0.0009521327377000546, 0.005665070660532088, 0.07618828104453959
-0.0009521327377000546, 0.005665070660532088, 0.07618828104453959
0.0005153031519361488, 0.005477056562414098, 0.07618828104453959
0.0005153031519361488, 0.005477056562414098, 0.07618828104453959
0.0005153031519361488, 0.005477056562414098, 0.07618828104453959
-0.0023894951783208374, 0.007542954693362623, 0.07618828104453959
-0.0023894951783208374, 0.007542954693362623, 0.07618828104453959
-0.0023894951783208374, 0.007542954693362623, 0.07618828104453959
-0.0014141210091854993, 0.007879902860931877, 0.07618828104453959
-0.0014141210091854993, 0.007879902860931877, 0.07618828104453959
-0.0014141210091854993, 0.007879902860931877, 0.07618828104453959
-0.0014141210091854993, 0.007879902860931877, 0.07618828104453959
-0.0008638329999361245, 0.007809397716286161, 0.07618828104453959
-0.0008638329999361245, 0.007809397716286161, 0.07618828104453959
-0.0008638329999361245, 0.007809397716286161, 0.07618828104453959
-0.001172463038121025, 0.008310869528423895, 0.07618828104453959
-0.001172463038121025, 0.008310869528423895, 0.07618828104453959
-0.001172463038121025, 0.008310869528423895, 0.07618828104453959
-0.0013083278791761654, 0.007250456923982483, 0.07618828104453959
-0.0013083278791761654, 0.007250456923982483, 0.07618828104453959
-0.0013083278791761654, 0.007250456923982483, 0.07618828104453959
-0.0015693946261602313, 0.006668005493556084, 0.07618828104453959
-0.0015693946261602313, 0.006668005493556084, 0.07618828104453959
-0.0015693946261602313, 0.006668005493556084, 0.07618828104453959
-0.0015693946261602313, 0.006668005493556084, 0.07618828104453959
-0.0004494093889609071, 0.006678479781893981, 0.07618828104453959
-0.0004494093889609071, 0.006678479781893981, 0.07618828104453959
-0.0004494093889609071, 0.006678479781893981, 0.07618828104453959
-5.247789259771145e-05, 0.008321346303748003, 0.07618828104453959
-5.247789259771145e-05, 0.008321346303748003, 0.07618828104453959
-5.247789259771145e-05, 0.008321346303748003, 0.07618828104453959
-5.247789259771145e-05, 0.008321346303748003, 0.060343846872621745
0.00013095206930388852, 0.00829784457196081, 0.044509393054497304
0.00013095206930388852, 0.00829784457196081, 0.044509393054497304
0.00013095206930388852, 0.00829784457196081, 0.044509393054497304
-7.188703717752394e-05, 0.008169859124048405, 0.044509393054497304
-7.188703717752394e-05, 0.008169859124048405, 0.044509393054497304
-7.188703717752394e-05, 0.008169859124048405, 0.044509393054497304
-0.0006609941470277284, 0.007937387677834758, 0.044509393054497304
-0.0006609941470277284, 0.007937387677834758, 0.044390114851150256
-0.0006609941470277284, 0.007937387677834758, 0.044390114851150256
-0.0006609941470277284, 0.007937387677834758, 0.044390114851150256
0.00011154290716882732, 0.008146357277177156, 0.044390114851150256
0.00011154290716882732, 0.008146357277177156, 0.044390114851150256
0.00011154290716882732, 0.008146357277177156, 0.044390114851150256
0.0005841945390062224, 0.007469898554844679, 0.044390114851150256
0.0005841945390062224, 0.007469898554844679, 0.044390114851150256
0.0005841945390062224, 0.007469898554844679, 0.044390114851150256
-4.373096923486648e-05, 0.006934455121133991, 0.044390114851150256
-4.373096923486648e-05, 0.006934455121133991, 0.044390114851150256
-4.373096923486648e-05, 0.006934455121133991, 0.044390114851150256
-4.373096923486648e-05, 0.006934455121133991, 0.044390114851150256
-0.00048822732701555985, 0.006375507724175945, 0.044390114851150256
-0.00048822732701555985, 0.006375507724175945, 0.044390114851150256
-0.00048822732701555985, 0.006375507724175945, 0.044390114851150256
0.0007976962002543261, 0.009136264551667798, 0.044390114851150256
0.0007976962002543261, 0.009136264551667798, 0.044390114851150256
0.0007976962002543261, 0.009136264551667798, 0.044390114851150256
0.00039201811407800925, 0.00888029139902489, 0.044390114851150256
0.00039201811407800925, 0.00888029139902489, 0.044390114851150256
0.00039201811407800925, 0.00888029139902489, 0.044390114851150256
0.00039201811407800925, 0.00888029139902489, 0.044390114851150256
0.0013460679909771144, 0.006140490002536447, 0.044390114851150256
0.0013460679909771144, 0.006140490002536447, 0.044390114851150256
0.0013460679909771144, 0.006140490002536447, 0.044390114851150256
0.0014712695633563157, 0.005662526641924333, 0.044390114851150256
0.0014712695633563157, 0.005662526641924333, 0.044390114851150256
0.0014712695633563157, 0.005662526641924333, 0.044390114851150256
0.0010180274213477602, 0.006490465543334003, 0.044390114851150256
0.0010180274213477602, 0.006490465543334003, 0.044390114851150256
0.0010180274213477602, 0.006490465543334003, 0.044390114851150256
0.0010180274213477602, 0.006490465543334003, 0.044390114851150256
0.000882162597847868, 0.005430053053976649, 0.044390114851150256
0.000882162597847868, 0.005430053053976649, 0.044390114851150256
0.000882162597847868, 0.005430053053976649, 0.044390114851150256
-0.00029605137997882735, 0.004965114835132671, 0.044390114851150256
-0.00029605137997882735, 0.004965114835132671, 0.044390114851150256
-0.00029605137997882735, 0.004965114835132671, 0.044390114851150256
0.0010549292910735286, 0.003868175357135931, 0.044390114851150256
0.0010549292910735286, 0.003868175357135931, 0.044390114851150256
0.0010549292910735286, 0.003868175357135931, 0.044390114851150256
0.0010549292910735286, 0.003868175357135931, 0.044390114851150256
0.0002542370896067794, 0.00489460962026596, 0.044390114851150256
0.0002542370896067794, 0.00489460962026596, 0.044390114851150256
0.0002542370896067794, 0.00489460962026596, 0.044390114851150256
0.0005153031519361488, 0.005477056562414098, 0.044390114851150256
0.0005153031519361488, 0.005477056562414098, 0.044390114851150256
0.0005153031519361488, 0.005477056562414098, 0.044390114851150256
0.0013460679909771144, 0.006140490002536447, 0.044390114851150256
0.0013460679909771144, 0.006140490002536447, 0.044390114851150256
0.0013460679909771144, 0.006140490002536447, 0.044390114851150256
0.0013460679909771144, 0.006140490002536447, 0.044390114851150256
0.0003706931371870801, 0.005803537346688933, 0.044390114851150256
0.0003706931371870801, 0.005803537346688933, 0.044390114851150256
0.0003706931371870801, 0.005803537346688933, 0.044390114851150256
3.1988504995830464e-05, 0.004615134806056855, 0.044390114851150256
3.1988504995830464e-05, 0.004615134806056855, 0.044390114851150256
3.1988504995830464e-05, 0.004615134806056855, 0.044390114851150256
0.00031246533478742125, 0.00534907339082492, 0.04364605268589518
0.00031246533478742125, 0.00534907339082492, 0.04291431490936412
0.00031246533478742125, 0.00534907339082492, 0.044390114851150256
0.00031246533478742125, 0.00534907339082492, 0.04291431490936412
-0.0005377091091695887, 0.004534152841223967, 0.04291431490936412
-0.0005377091091695887, 0.004534152841223967, 0.04291431490936412
-0.0005377091091695887, 0.004534152841223967, 0.04291431490936412
0.00042700343172746727, 0.0033327296217440824, 0.04291431490936412
0.00042700343172746727, 0.0033327296217440824, 0.04291431490936412
0.00042700343172746727, 0.0033327296217440824, 0.04291431490936412
0.0011325663297290106, 0.0044741240057133294, 0.04291431490936412
0.0011325663297290106, 0.0044741240057133294, 0.04291431490936412
0.0011325663297290106, 0.0044741240057133294, 0.04291431490936412
0.0011325663297290106, 0.0044741240057133294, 0.04291431490936412
-0.00029605137997882735, 0.004965114835132671, 0.04291431490936412
-0.00029605137997882735, 0.004965114835132671, 0.04291431490936412
-0.00029605137997882735, 0.004965114835132671, 0.04291431490936412
0.0008433446422379669, 0.0051270808811745535, 0.04291431490936412
0.0008433446422379669, 0.0051270808811745535, 0.04291431490936412
0.0008433446422379669, 0.0051270808811745535, 0.04291431490936412
0.00043958277458823654, 0.0077963771330172805, 0.04291431490936412
0.00043958277458823654, 0.0077963771330172805, 0.04291431490936412
0.00043958277458823654, 0.0077963771330172805, 0.04291431490936412
0.00043958277458823654, 0.0077963771330172805, 0.04291431490936412
0.0005065575003507403, 0.006863949906267281, 0.04291431490936412
0.0005065575003507403, 0.006863949906267281, 0.04291431490936412
0.0005065575003507403, 0.006863949906267281, 0.04291431490936412
0.001134483008591829, 0.00739939333997797, 0.04291431490936412
0.001134483008591829, 0.00739939333997797, 0.04291431490936412
0.001134483008591829, 0.00739939333997797, 0.04291431490936412
0.001134483008591829, 0.00739939333997797, 0.02707982046547884
-0.0008939053956366279, 0.006119534686617094, 0.011057176692897547
-0.0008939053956366279, 0.006119534686617094, 0.011057176692897547
-0.0008939053956366279, 0.006119534686617094, 0.011057176692897547
3.833691275360808e-06, 0.005850540855126382, 0.011057176692897547
3.833691275360808e-06, 0.005850540855126382, 0.011057176692897547
3.833691275360808e-06, 0.005850540855126382, 0.011057176692897547
5.13972984706705e-05, 0.0047666196840752935, 0.011057176692897547
5.13972984706705e-05, 0.0047666196840752935, 0.011057176692897547
5.13972984706705e-05, 0.0047666196840752935, 0.011057176692897547
-0.0003348700026881764, 0.004662138289136372, 0.011057176692897547
-0.0003348700026881764, 0.004662138289136372, 0.011057176692897547
-0.0003348700026881764, 0.004662138289136372, 0.011057176692897547
0.001721672518906751, 0.004706595592368965, 0.011057176692897547
0.001721672518906751, 0.004706595592368965, 0.011057176692897547
0.001721672518906751, 0.004706595592368965, 0.011057176692897547
0.001721672518906751, 0.004706595592368965, 0.011057176692897547
-0.00047073438340708505, 0.0036017256144739666, 0.011057176692897547
-0.00047073438340708505, 0.0036017256144739666, 0.011057176692897547
-0.00047073438340708505, 0.0036017256144739666, 0.011057176692897547
0.0005153031519361488, 0.005477056562414098, 0.011057176692897547
0.0005153031519361488, 0.005477056562414098, 0.011057176692897547
0.0005153031519361488, 0.005477056562414098, 0.011057176692897547
0.0005153031519361488, 0.005477056562414098, 0.011057176692897547
0.0020215580329419223, 0.005592021427057624, 0.011057176692897547
0.0020215580329419223, 0.005592021427057624, 0.011057176692897547
0.0020215580329419223, 0.005592021427057624, 0.011057176692897547
-0.00013203174275846553, 0.004790121275420497, 0.011057176692897547
-0.00013203174275846553, 0.004790121275420497, 0.011057176692897547
-0.00013203174275846553, 0.004790121275420497, 0.011057176692897547
0.0008045260019733693, 0.004824104220094197, 0.011057176692897547
0.0008045260019733693, 0.004824104220094197, 0.011057176692897547
0.0008045260019733693, 0.004824104220094197, 0.011057176692897547
0.0008045260019733693, 0.004824104220094197, 0.011057176692897547
0.0005735309367805588, 0.005931520403194052, 0.011057176692897547
0.0005735309367805588, 0.005931520403194052, 0.011057176692897547
0.0005735309367805588, 0.005931520403194052, 0.011057176692897547
0.0021467597321076317, 0.005114055809627412, 0.011057176692897547
0.0021467597321076317, 0.005114055809627412, 0.011057176692897547
0.0021467597321076317, 0.005114055809627412, 0.011057176692897547
0.002660146205180962, 0.007665843037776871, 0.011057176692897547
0.002660146205180962, 0.007665843037776871, 0.011057176692897547
0.002660146205180962, 0.007665843037776871, 0.011057176692897547
0.002660146205180962, 0.007665843037776871, 0.011057176692897547
0.005595016603444673, 0.007289815052203873, 0.011057176692897547
0.005595016603444673, 0.007289815052203873, 0.011057176692897547
0.005595016603444673, 0.007289815052203873, 0.011057176692897547
0.009912855791541102, 0.010431979862841716, 0.011057176692897547
0.009912855791541102, 0.010431979862841716, 0.011057176692897547
0.009912855791541102, 0.010431979862841716, 0.011057176692897547
0.01874071230722059, 0.015305918615871309, 0.011057176692897547
0.01874071230722059, 0.015305918615871309, 0.011057176692897547
0.01874071230722059, 0.015305918615871309, 0.011057176692897547
0.01874071230722059, 0.015305918615871309, 0.011057176692897547
0.029161205641227227, 0.019513884954364215, 0.011057176692897547
0.029161205641227227, 0.019513884954364215, 0.011057176692897547
0.029161205641227227, 0.019513884954364215, 0.011057176692897547
0.04124322537244048, 0.025048709017093045, 0.011057176692897547
0.04124322537244048, 0.025048709017093045, 0.011057176692897547
0.04124322537244048, 0.025048709017093045, 0.011057176692897547
0.05395125601625065, 0.02819371157196726, 0.011057176692897547
0.05395125601625065, 0.02819371157196726, 0.011057176692897547
0.05395125601625065, 0.02819371157196726, 0.011057176692897547
0.05395125601625065, 0.02819371157196726, 0.011057176692897547
0.06744248431259194, 0.03308605762557715, 0.011057176692897547
0.06744248431259194, 0.03308605762557715, 0.011057176692897547
0.06744248431259194, 0.03308605762557715, 0.011057176692897547
0.06744248431259194, 0.03308605762557715, 0.011057176692897547
0.0861542039326771, 0.033614147594566206, 0.011057176692897547
0.0861542039326771, 0.033614147594566206, 0.011057176692897547
0.0861542039326771, 0.033614147594566206, 0.011057176692897547
0.10696811359566837, 0.030177511336736587, 0.011057176692897547
0.10696811359566837, 0.030177511336736587, 0.011057176692897547
0.10696811359566837, 0.030177511336736587, 0.011057176692897547
0.12578945916707532, 0.035926684344886724, 0.011057176692897547
0.12578945916707532, 0.035926684344886724, 0.011057176692897547
0.12578945916707532, 0.035926684344886724, 0.011057176692897547
0.1425154430246105, 0.04132842594593112, 0.011057176692897547
0.1425154430246105, 0.04132842594593112, 0.011057176692897547
0.1425154430246105, 0.04132842594593112, 0.011057176692897547
0.16344964224114922, 0.04465125087891321, 0.01251703200340959
0.16344964224114922, 0.04465125087891321, 0.01251703200340959
0.16344964224114922, 0.04465125087891321, 0.01251703200340959
0.18418100238631704, 0.04784609059415103, 0.01251703200340959
0.18418100238631704, 0.04784609059415103, 0.01251703200340959
0.18418100238631704, 0.04784609059415103, 0.01251703200340959
0.18418100238631704, 0.04784609059415103, 0.01251703200340959
0.20474834125382682, 0.051215919291096625, 0.01251703200340959
0.20474834125382682, 0.051215919291096625, 0.01251703200340959
0.20474834125382682, 0.051215919291096625, 0.01251703200340959
0.20474834125382682, 0.051215919291096625, 0.01251703200340959
0.22618526427944094, 0.05555215327521963, 0.01251703200340959
0.22618526427944094, 0.05555215327521963, 0.01251703200340959
0.22618526427944094, 0.05555215327521963, 0.01251703200340959
0.24608969239518094, 0.06393409771366507, 0.01251703200340959
0.24608969239518094, 0.06393409771366507, 0.01251703200340959
0.24608969239518094, 0.06393409771366507, 0.01251703200340959
0.26976658696606387, 0.06829128729459141, 0.01251703200340959
0.26976658696606387, 0.06829128729459141, 0.01251703200340959
0.26976658696606387, 0.06829128729459141, 0.01251703200340959
0.2964365797941757, 0.07272691012865443, 0.01251703200340959
0.2964365797941757, 0.07272691012865443, 0.01251703200340959
0.2964365797941757, 0.07272691012865443, 0.01251703200340959
0.2964365797941757, 0.07272691012865443, 0.01251703200340959
0.3203745398402652, 0.07766654897876799, 0.01251703200340959
0.3203745398402652, 0.07766654897876799, 0.01251703200340959
0.3203745398402652, 0.07766654897876799, 0.01251703200340959
0.3439650511844941, 0.0828046735625513, 0.01251703200340959
0.3439650511844941, 0.0828046735625513, 0.01251703200340959
0.3439650511844941, 0.0828046735625513, 0.01251703200340959
0.36663649767689005, 0.08513504511141683, 0.01251703200340959
0.36663649767689005, 0.08513504511141683, 6.264096564480319
0.36663649767689005, 0.08513504511141683, 6.264096564480319
0.36663649767689005, 0.08513504511141683, 6.264096564480319
0.3884121243613572, 0.09065968143136172, 6.264096564480319
0.3884121243613572, 0.09065968143136172, 6.264096564480319
0.3884121243613572, 0.09065968143136172, 6.264096564480319
0.4078982959862878, 0.0943220051805331, 6.264096564480319
0.4078982959862878, 0.0943220051805331, 6.264096564480319
0.4078982959862878, 0.0943220051805331, 6.264096564480319
0.4078982959862878, 0.0943220051805331, 6.264096564480319
0.42914112613242933, 0.09714336723307093, 6.264096564480319
0.42914112613242933, 0.09714336723307093, 6.264096564480319
0.42914112613242933, 0.09714336723307093, 6.264096564480319
0.44456177785257184, 0.09963286215463263, 6.264096564480319
0.44456177785257184, 0.09963286215463263, 6.264096564480319
0.44456177785257184, 0.09963286215463263, 6.264096564480319
0.4568078196943393, 0.10499269651979137, 6.264096564480319
0.4568078196943393, 0.10499269651979137, 6.264096564480319
0.4568078196943393, 0.10499269651979137, 6.264096564480319
0.4761250593920896, 0.11606744277865094, 6.264096564480319
0.4761250593920896, 0.11606744277865094, 6.264096564480319
0.4761250593920896, 0.11606744277865094, 6.264096564480319
0.4761250593920896, 0.11606744277865094, 6.264096564480319
0.4869279879588621, 0.1145293541198767, 6.264096564480319
0.4869279879588621, 0.1145293541198767, 6.264096564480319
0.4869279879588621, 0.1145293541198767, 6.264096564480319
0.4968826567338873, 0.1151016071359125, 6.264096564480319
0.4968826567338873, 0.1151016071359125, 6.264096564480319
0.4968826567338873, 0.1151016071359125, 6.264096564480319
0.5096983964141387, 0.12054242802440343, 6.264096564480319
0.5096983964141387, 0.12054242802440343, 6.264096564480319
0.5096983964141387, 0.12054242802440343, 6.264096564480319
0.5096983964141387, 0.12054242802440343, 6.264096564480319
0.5219988311303636, 0.12050618355922875, 6.264096564480319
0.5219988311303636, 0.12050618355922875, 6.264096564480319
0.5219988311303636, 0.12050618355922875, 6.264096564480319
0.5336062843571111, 0.12379219649897333, 6.264096564480319
0.5336062843571111, 0.12379219649897333, 6.264096564480319
0.5336062843571111, 0.12379219649897333, 6.264096564480319
0.5450885347221467, 0.12755617052300677, 6.264096564480319
0.5450885347221467, 0.12755617052300677, 6.264096564480319
0.5450885347221467, 0.12755617052300677, 6.264096564480319
0.5450885347221467, 0.12755617052300677, 6.264096564480319
0.5603645771863155, 0.13037214811505127, 6.264096564480319
0.5603645771863155, 0.13037214811505127, 6.264096564480319
0.5603645771863155, 0.13037214811505127, 6.264096564480319
0.5740373180166758, 0.13231572745629844, 6.264096564480319
0.5740373180166758, 0.13231572745629844, 6.264096564480319
0.5740373180166758, 0.13231572745629844, 6.264096564480319
0.5876450028248335, 0.1381169981037038, 6.262654656026978
0.5876450028248335, 0.1381169981037038, 6.262654656026978
0.5876450028248335, 0.1381169981037038, 6.262654656026978
0.5876450028248335, 0.1381169981037038, 6.262654656026978
0.5991961447837023, 0.14387381856358303, 6.262654656026978
0.5991961447837023, 0.14387381856358303, 6.262654656026978
0.5991961447837023, 0.14387381856358303, 6.262654656026978
0.611345139262133, 0.1484762124522394, 6.262654656026978
0.611345139262133, 0.1484762124522394, 6.262654656026978
0.611345139262133, 0.1484762124522394, 6.262654656026978
0.6261591934197059, 0.1535070220145156, 6.262654656026978
0.6261591934197059, 0.1535070220145156, 6.262654656026978
0.6261591934197059, 0.1535070220145156, 6.262654656026978
0.6261591934197059, 0.1535070220145156, 6.262654656026978
0.6261591934197059, 0.1535070220145156, 6.262654656026978
0.6429308247283314, 0.15489957962517248, 6.262654656026978
0.6429308247283314, 0.15489957962517248, 6.262654656026978
0.6575964332819695, 0.15440633211463542, 6.262654656026978
0.6575964332819695, 0.15440633211463542, 6.264096564480319
0.6575964332819695, 0.15440633211463542, 6.264096564480319
0.6739041605609191, 0.15508845245098551, 6.264096564480319
0.6739041605609191, 0.15508845245098551, 6.264096564480319
0.6739041605609191, 0.15508845245098551, 6.262654656026978
0.6739041605609191, 0.15508845245098551, 6.262654656026978
0.6856086604136827, 0.159131901033702, 6.264096564480319
0.6856086604136827, 0.159131901033702, 6.264096564480319
0.6856086604136827, 0.159131901033702, 6.264096564480319
0.6984331452851833, 0.1631858286485607, 6.264096564480319
0.6984331452851833, 0.1631858286485607, 6.264096564480319
0.6984331452851833, 0.1631858286485607, 6.264096564480319
0.7134549510459609, 0.16110719915218852, 6.264096564480319
0.7134549510459609, 0.16110719915218852, 6.264096564480319
0.7134549510459609, 0.16110719915218852, 6.264096564480319
0.7134549510459609, 0.16110719915218852, 6.264096564480319
0.7247537719094311, 0.16489467483778822, 6.264096564480319
0.7247537719094311, 0.16489467483778822, 6.264096564480319
0.7247537719094311, 0.16489467483778822, 6.264096564480319
0.7343260066356916, 0.17121298443691005, 6.264096564480319
0.7343260066356916, 0.17121298443691005, 6.264096564480319
0.7343260066356916, 0.17121298443691005, 6.264096564480319
0.7343260066356916, 0.17121298443691005, 6.264096564480319
0.7438449302519675, 0.1698394052868703, 6.264096564480319
0.7438449302519675, 0.1698394052868703, 6.264096564480319
0.7438449302519675, 0.1698394052868703, 6.264096564480319
0.7537995998208787, 0.17041166041928218, 6.264096564480319
0.7537995998208787, 0.17041166041928218, 6.264096564480319
0.7537995998208787, 0.17041166041928218, 6.264096564480319
0.7618180180329256, 0.17769893308941304, 6.264096564480319
0.7618180180329256, 0.17769893308941304, 6.264096564480319
0.7618180180329256, 0.17769893308941304, 6.264096564480319
0.7729014207181818, 0.17689477141727494, 6.264096564480319
0.7729014207181818, 0.17689477141727494, 6.232570550923478
0.7729014207181818, 0.17689477141727494, 6.232570550923478
0.7729014207181818, 0.17689477141727494, 6.232570550923478
0.786021957373432, 0.17598358684393436, 6.232570550923478
0.786021957373432, 0.17598358684393436, 6.232570550923478
0.786021957373432, 0.17598358684393436, 6.232570550923478
0.797031557434973, 0.18042401903438512, 6.232570550923478
0.797031557434973, 0.18042401903438512, 6.232806138299257
0.797031557434973, 0.18042401903438512, 6.232806138299257
0.8144980894028278, 0.1814195925516136, 6.232806138299257
0.8144980894028278, 0.1814195925516136, 6.232806138299257
0.8144980894028278, 0.1814195925516136, 6.232806138299257
0.8144980894028278, 0.1814195925516136, 6.232806138299257
0.8330583685530009, 0.1865863224407474, 6.232806138299257
0.8330583685530009, 0.1865863224407474, 6.232806138299257
0.8330583685530009, 0.1865863224407474, 6.232806138299257
0.8527260529479682, 0.18729987484883587, 6.232806138299257
0.8527260529479682, 0.18729987484883587, 6.232806138299257
0.8527260529479682, 0.18729987484883587, 6.232806138299257
0.8760041007870554, 0.18708893494812975, 6.232806138299257
0.8760041007870554, 0.18708893494812975, 6.232806138299257
0.8760041007870554, 0.18708893494812975, 6.232806138299257
0.8760041007870554, 0.18708893494812975, 6.232806138299257
0.9081255782758899, 0.18605288036104745, 6.232806138299257
0.9081255782758899, 0.18605288036104745, 6.201412725940555
0.9081255782758899, 0.18605288036104745, 6.201412725940555
0.9369559882744085, 0.18697824267577456, 6.201412725940555
0.9369559882744085, 0.18697824267577456, 6.201412725940555
0.9369559882744085, 0.18697824267577456, 6.201412725940555
0.9644548284551571, 0.18915202432182865, 6.201412725940555
0.9644548284551571, 0.18915202432182865, 6.201412725940555
0.9644548284551571, 0.18915202432182865, 6.201412725940555
0.9903435390807331, 0.19476556493553654, 6.201412725940555
0.9903435390807331, 0.19476556493553654, 6.201412725940555
0.9903435390807331, 0.19476556493553654, 6.201412725940555
0.9903435390807331, 0.19476556493553654, 6.201412725940555
1.0178229688685356, 0.19678786665803946, 6.201412725940555
1.0178229688685356, 0.19678786665803946, 6.201412725940555
1.0178229688685356, 0.19678786665803946, 6.201412725940555
1.0505141439364252, 0.19583279380562188, 6.201412725940555
1.0505141439364252, 0.19583279380562188, 6.201412725940555
1.0505141439364252, 0.19583279380562188, 6.201412725940555
1.0505141439364252, 0.19583279380562188, 6.201412725940555
1.0770676809100643, 0.1993594901791866, 6.201412725940555
1.0770676809100643, 0.1993594901791866, 6.201412725940555
1.0770676809100643, 0.1993594901791866, 6.169928636313192
1.1012579621861385, 0.2062684654219486, 6.169928636313192
1.1012579621861385, 0.2062684654219486, 6.169928636313192
1.1012579621861385, 0.2062684654219486, 6.169928636313192
1.13132481446423, 0.2081132270089244, 6.169928636313192
1.13132481446423, 0.2081132270089244, 6.169928636313192
1.13132481446423, 0.2081132270089244, 6.169928636313192
1.13132481446423, 0.2081132270089244, 6.169928636313192
1.1585926601200986, 0.21139443146809064, 6.169928636313192
1.1585926601200986, 0.21139443146809064, 6.169928636313192
1.1585926601200986, 0.21139443146809064, 6.169928636313192
1.1794240634796178, 0.20518400568446346, 6.169928636313192
1.1794240634796178, 0.20518400568446346, 6.169928636313192
1.1794240634796178, 0.20518400568446346, 6.169928636313192
1.1794240634796178, 0.20518400568446346, 6.169928636313192
1.2026739534484276, 0.2062084672353174, 6.169928636313192
1.2026739534484276, 0.2062084672353174, 6.169928636313192
1.2026739534484276, 0.2062084672353174, 6.169928636313192
1.2275941174751273, 0.20717290016132367, 6.169928636313192
1.2275941174751273, 0.20717290016132367, 6.169928636313192
1.2275941174751273, 0.20717290016132367, 6.169928636313192
1.2523221065495835, 0.20954772323386098, 6.169928636313192
1.2523221065495835, 0.20954772323386098, 6.169928636313192
1.2523221065495835, 0.20954772323386098, 6.1387697085930375
1.276131033183119, 0.2091147905484733, 6.1387697085930375
1.276131033183119, 0.2091147905484733, 6.1387697085930375
1.276131033183119, 0.2091147905484733, 6.1387697085930375
1.276131033183119, 0.2091147905484733, 6.1387697085930375
1.2984142950322937, 0.2084154039325346, 6.1387697085930375
1.2984142950322937, 0.2084154039325346, 6.1387697085930375
1.2984142950322937, 0.2084154039325346, 6.138976709545329
1.3240856687936513, 0.2065120432241806, 6.138976709545329
1.3240856687936513, 0.2065120432241806, 6.138976709545329
1.3240856687936513, 0.2065120432241806, 6.138976709545329
1.3459564237380244, 0.2098688502318798, 6.138976709545329
1.3459564237380244, 0.2098688502318798, 6.138976709545329
1.3459564237380244, 0.2098688502318798, 6.138976709545329
1.3459564237380244, 0.2098688502318798, 6.138976709545329
1.3684444437932115, 0.21222272191500804, 6.138976709545329
1.3684444437932115, 0.21222272191500804, 6.138976709545329
1.3684444437932115, 0.21222272191500804, 6.138976709545329
1.3926415508723204, 0.21481953531645137, 6.138976709545329
1.3926415508723204, 0.21481953531645137, 6.138976709545329
1.3926415508723204, 0.21481953531645137, 6.138976709545329
1.4210449597583479, 0.21241216777341357, 6.107977194530873
1.4210449597583479, 0.21241216777341357, 6.107977194530873
1.4210449597583479, 0.21241216777341357, 6.107977194530873
1.4210449597583479, 0.21241216777341357, 6.107977194530873
1.4473054401692196, 0.21074127858149422, 6.107977194530873
1.4473054401692196, 0.21074127858149422, 6.107977194530873
1.4473054401692196, 0.21074127858149422, 6.107977194530873
1.4744956499996884, 0.21341652690576643, 6.107977194530873
1.4744956499996884, 0.21341652690576643, 6.107977194530873
1.4744956499996884, 0.21341652690576643, 6.107977194530873
1.5030699065710866, 0.2065220063277471, 6.107977194530873
1.5030699065710866, 0.2065220063277471, 6.107977194530873
1.5030699065710866, 0.2065220063277471, 6.107977194530873
1.528065790883458, 0.2051671211701364, 6.107977194530873
1.528065790883458, 0.2051671211701364, 6.077129563025354
1.528065790883458, 0.2051671211701364, 6.077129563025354
1.528065790883458, 0.2051671211701364, 6.077129563025354
1.5565312611968396, 0.20906475491534626, 6.077129563025354
1.5565312611968396, 0.20906475491534626, 6.077129563025354
1.5565312611968396, 0.20906475491534626, 6.077129563025354
1.583340113911436, 0.20439809144932675, 6.077129563025354
1.583340113911436, 0.20439809144932675, 6.077129563025354
1.583340113911436, 0.20439809144932675, 6.077129563025354
1.583340113911436, 0.20439809144932675, 6.077129563025354
1.6101702935418, 0.20280818857007654, 6.077129563025354
1.6101702935418, 0.20280818857007654, 6.077129563025354
1.6101702935418, 0.20280818857007654, 6.077129563025354
1.6345595795893921, 0.20399461344981798, 6.077129563025354
1.6345595795893921, 0.20399461344981798, 6.077129563025354
1.6345595795893921, 0.20399461344981798, 6.046251153263645
1.6579259261051287, 0.20592799982463553, 6.046251153263645
1.6579259261051287, 0.20592799982463553, 6.046251153263645
1.6579259261051287, 0.20592799982463553, 6.046251153263645
1.6579259261051287, 0.20592799982463553, 6.040329832503405
1.6820396481961122, 0.1991430579050004, 6.040329832503405
1.6820396481961122, 0.1991430579050004, 6.040329832503405
1.6820396481961122, 0.1991430579050004, 6.040329832503405
1.7061552882767461, 0.19528338464863068, 6.040329832503405
1.7061552882767461, 0.19528338464863068, 6.040329832503405
1.7061552882767461, 0.19528338464863068, 6.040329832503405
1.729142196828807, 0.19280013242956318, 6.040329832503405
1.729142196828807, 0.19280013242956318, 6.040329832503405
1.729142196828807, 0.19280013242956318, 6.040329832503405
1.7501288721141535, 0.18780161145476532, 6.040329832503405
1.7501288721141535, 0.18780161145476532, 6.040329832503405
1.7501288721141535, 0.18780161145476532, 6.040329832503405
1.7501288721141535, 0.18780161145476532, 6.009373773161581
1.773849497457264, 0.18522434771103952, 6.009373773161581
1.773849497457264, 0.18522434771103952, 6.009373773161581
1.773849497457264, 0.18522434771103952, 6.009373773161581
1.7981116638160397, 0.1839634695449458, 6.009373773161581
1.7981116638160397, 0.1839634695449458, 6.009373773161581
1.7981116638160397, 0.1839634695449458, 6.009373773161581
1.7981116638160397, 0.1839634695449458, 6.009373773161581
1.8235413833299892, 0.1816291511398035, 6.009373773161581
1.8235413833299892, 0.1816291511398035, 6.009373773161581
1.8235413833299892, 0.1816291511398035, 6.009373773161581
1.845492770011242, 0.17542920252746846, 6.009373773161581
1.845492770011242, 0.17542920252746846, 6.009373773161581
1.845492770011242, 0.17542920252746846, 6.009373773161581
1.8702344186637816, 0.1691797109465875, 6.009373773161581
1.8702344186637816, 0.1691797109465875, 6.009373773161581
1.8702344186637816, 0.1691797109465875, 5.978617506065627
1.8702344186637816, 0.1691797109465875, 5.978617506065627
1.8939637906318154, 0.16521555406381871, 5.978617506065627
1.8939637906318154, 0.16521555406381871, 5.978617506065627
1.8939637906318154, 0.16521555406381871, 5.978617506065627
1.9223177173280184, 0.1609668320533021, 5.978617506065627
1.9223177173280184, 0.1609668320533021, 5.978617506065627
1.9223177173280184, 0.1609668320533021, 5.978617506065627
1.9513296395387056, 0.15894341628184988, 5.978617506065627
1.9513296395387056, 0.15894341628184988, 5.978617506065627
1.9513296395387056, 0.15894341628184988, 5.978617506065627
1.9513296395387056, 0.15894341628184988, 5.978617506065627
1.9758490403263995, 0.1524144546052062, 5.978617506065627
1.9758490403263995, 0.1524144546052062, 5.978617506065627
1.9758490403263995, 0.1524144546052062, 5.978617506065627
2.0023279370779368, 0.1451725026844493, 5.9480735109286575
2.0023279370779368, 0.1451725026844493, 5.9480735109286575
2.0023279370779368, 0.1451725026844493, 5.9480735109286575
2.0309992401095545, 0.13903542283845838, 5.9480735109286575
2.0309992401095545, 0.13903542283845838, 5.9480735109286575
2.0309992401095545, 0.13903542283845838, 5.9480735109286575
2.0309992401095545, 0.13903542283845838, 5.9480735109286575
2.0569879922895455, 0.13524370868732943, 5.9480735109286575
2.0569879922895455, 0.13524370868732943, 5.9480735109286575
2.0569879922895455, 0.13524370868732943, 5.9480735109286575
2.0853544986660584, 0.13545863331227664, 5.9480735109286575
2.0853544986660584, 0.13545863331227664, 5.9480735109286575
2.0853544986660584, 0.13545863331227664, 5.9480735109286575
2.113729749808595, 0.13428666496398073, 5.9480735109286575
2.113729749808595, 0.13428666496398073, 5.9480735109286575
2.113729749808595, 0.13428666496398073, 5.91756008945502
2.136576958929108, 0.12489245647846492, 5.91756008945502
2.136576958929108, 0.12489245647846492, 5.91756008945502
2.136576958929108, 0.12489245647846492, 5.91756008945502
2.136576958929108, 0.12489245647846492, 5.91756008945502
2.1597822817737264, 0.11683813736802867, 5.91756008945502
2.1597822817737264, 0.11683813736802867, 5.91756008945502
2.1597822817737264, 0.11683813736802867, 5.91756008945502
2.1597822817737264, 0.11683813736802867, 5.91756008945502
2.1848131527359897, 0.10993568681481558, 5.91756008945502
2.1848131527359897, 0.10993568681481558, 5.91756008945502
2.1848131527359897, 0.10993568681481558, 5.91756008945502
2.205681456523761, 0.10110297683521413, 5.91756008945502
2.205681456523761, 0.10110297683521413, 5.91756008945502
2.205681456523761, 0.10110297683521413, 5.91756008945502
2.2258917630590784, 0.09004494922322653, 5.9096421512449915
2.2258917630590784, 0.09004494922322653, 5.9096421512449915
2.2258917630590784, 0.09004494922322653, 5.879133508356581
2.251041005468208, 0.0869766996942748, 5.879133508356581
2.251041005468208, 0.0869766996942748, 5.879133508356581
2.251041005468208, 0.0869766996942748, 5.879133508356581
2.2719519612266583, 0.08429749868930192, 5.879133508356581
2.2719519612266583, 0.08429749868930192, 5.879133508356581
2.2719519612266583, 0.08429749868930192, 5.879133508356581
2.2719519612266583, 0.08429749868930192, 5.879133508356581
2.2962316216818333, 0.08026283670675044, 5.879133508356581
2.2962316216818333, 0.08026283670675044, 5.879133508356581
2.2962316216818333, 0.08026283670675044, 5.879133508356581
2.3175550841051673, 0.0735274497692664, 5.879133508356581
2.3175550841051673, 0.0735274497692664, 5.879133508356581
2.3175550841051673, 0.0735274497692664, 5.879133508356581
2.3175550841051673, 0.0735274497692664, 5.879133508356581
2.338839728826465, 0.06648908614534399, 5.879133508356581
2.338839728826465, 0.06648908614534399, 5.879133508356581
2.338839728826465, 0.06648908614534399, 5.879133508356581
2.3651264502063887, 0.060657533973810795, 5.879133508356581
2.3651264502063887, 0.060657533973810795, 5.879133508356581
2.3651264502063887, 0.060657533973810795, 5.879133508356581
2.3913549431343686, 0.0543715135883035, 5.879133508356581
2.3913549431343686, 0.0543715135883035, 5.848882273878932
2.3913549431343686, 0.0543715135883035, 5.848882273878932
2.3913549431343686, 0.0543715135883035, 5.849016078887711
2.4176629889021046, 0.05161670543143526, 5.849016078887711
2.4176629889021046, 0.05161670543143526, 5.849016078887711
2.4176629889021046, 0.05161670543143526, 5.849016078887711
2.442935516598766, 0.04514521961464302, 5.849016078887711
2.442935516598766, 0.04514521961464302, 5.849049521485952
2.442935516598766, 0.04514521961464302, 5.849149828518583
2.4696929726293253, 0.03571194049249027, 5.849149828518583
2.4696929726293253, 0.03571194049249027, 5.849149828518583
2.4696929726293253, 0.03571194049249027, 5.849016078887711
2.4696929726293253, 0.03571194049249027, 5.849016078887711
2.4982759757300714, 0.027430532324820622, 5.849149828518583
2.4982759757300714, 0.027430532324820622, 5.849149828518583
2.4982759757300714, 0.027430532324820622, 5.849149828518583
2.5285311716195777, 0.02201436596669276, 5.849149828518583
2.5285311716195777, 0.02201436596669276, 5.849149828518583
2.5285311716195777, 0.02201436596669276, 5.849149828518583
2.555914634887844, 0.010191259773640271, 5.849149828518583
2.555914634887844, 0.010191259773640271, 5.819176181108748
2.555914634887844, 0.010191259773640271, 5.819176181108748
2.555914634887844, 0.010191259773640271, 5.819176181108748
2.583213631491288, 0.0020743664144246, 5.819176181108748
2.583213631491288, 0.0020743664144246, 5.819176181108748
2.583213631491288, 0.0020743664144246, 5.819176181108748
2.6120101386115286, -0.004540678824681232, 5.819176181108748
2.6120101386115286, -0.004540678824681232, 5.819176181108748
2.6120101386115286, -0.004540678824681232, 5.819176181108748
2.636171425043128, -0.012409534019430457, 5.819176181108748
2.636171425043128, -0.012409534019430457, 5.819176181108748
2.636171425043128, -0.012409534019430457, 5.819176181108748
2.636171425043128, -0.012409534019430457, 5.819176181108748
2.6622058259108763, -0.020210430229875842, 5.819176181108748
2.6622058259108763, -0.020210430229875842, 5.819176181108748
2.6622058259108763, -0.020210430229875842, 5.819176181108748
2.6859070426224085, -0.022939180878270016, 5.819176181108748
2.6859070426224085, -0.022939180878270016, 5.819176181108748
2.6859070426224085, -0.022939180878270016, 5.819176181108748
2.7080117886507424, -0.030852488753384477, 5.819176181108748
2.7080117886507424, -0.030852488753384477, 5.819176181108748
2.7080117886507424, -0.030852488753384477, 5.819176181108748
2.7080117886507424, -0.030852488753384477, 5.819176181108748
2.7318925992434435, -0.03945528221300759, 5.819176181108748
2.7318925992434435, -0.03945528221300759, 5.819176181108748
2.7318925992434435, -0.03945528221300759, 5.819176181108748
2.7574650119762487, -0.04504134223997419, 5.789290003486572
2.7574650119762487, -0.04504134223997419, 5.789290003486572
2.7574650119762487, -0.04504134223997419, 5.789290003486572
2.78159814381259, -0.051674796129458245, 5.789290003486572
2.78159814381259, -0.051674796129458245, 5.789290003486572
2.78159814381259, -0.051674796129458245, 5.789290003486572
2.78159814381259, -0.051674796129458245, 5.789290003486572
2.8030011624092213, -0.05487896133704223, 5.789290003486572
2.8030011624092213, -0.05487896133704223, 5.789290003486572
2.8030011624092213, -0.05487896133704223, 5.789290003486572
2.82402473927951, -0.06249977127697659, 5.77945968896667
2.82402473927951, -0.06249977127697659, 5.77945968896667
2.82402473927951, -0.06249977127697659, 5.77945968896667
2.8435896297173247, -0.07131946021882574, 5.77945968896667
2.8435896297173247, -0.07131946021882574, 5.77945968896667
2.8435896297173247, -0.07131946021882574, 5.77945968896667
2.8435896297173247, -0.07131946021882574, 5.77945968896667
2.868292458598264, -0.07787192970135376, 5.77945968896667
2.868292458598264, -0.07787192970135376, 5.77945968896667
2.868292458598264, -0.07787192970135376, 5.77945968896667
2.868292458598264, -0.07787192970135376, 5.77945968896667
2.894620995273109, -0.09356320283090075, 5.77945968896667
2.894620995273109, -0.09356320283090075, 5.77945968896667
2.920865064339048, -0.10554827240355663, 5.77945968896667
2.920865064339048, -0.10554827240355663, 5.77945968896667
2.920865064339048, -0.10554827240355663, 5.77945968896667
2.920865064339048, -0.10554827240355663, 5.77945968896667
2.946491870209639, -0.11653040953459581, 5.764523448384254
2.946491870209639, -0.11653040953459581, 5.749662972322392
2.946491870209639, -0.11653040953459581, 5.749662972322392
2.972485537149024, -0.12755954571115208, 5.749662972322392
2.972485537149024, -0.12755954571115208, 5.749662972322392
2.972485537149024, -0.12755954571115208, 5.749662972322392
3.001616911348039, -0.13883672679141829, 5.749662972322392
3.001616911348039, -0.13883672679141829, 5.749662972322392
3.001616911348039, -0.13883672679141829, 5.749662972322392
3.001616911348039, -0.13883672679141829, 5.749662972322392
3.0299038636071627, -0.14215302585865297, 5.749662972322392
3.0299038636071627, -0.14215302585865297, 5.749662972322392
3.0299038636071627, -0.14215302585865297, 5.749662972322392
3.0525394880008196, -0.15028832315565338, 5.749662972322392
3.0525394880008196, -0.15028832315565338, 5.749662972322392
3.0525394880008196, -0.15028832315565338, 5.749662972322392
3.0754255177784944, -0.15937955411013216, 5.749662972322392
3.0754255177784944, -0.15937955411013216, 5.749662972322392
3.0754255177784944, -0.15937955411013216, 5.749662972322392
3.0754255177784944, -0.15937955411013216, 5.749662972322392
3.095274715101496, -0.16161477200737023, 5.749662972322392
3.095274715101496, -0.16161477200737023, 5.749662972322392
3.095274715101496, -0.16161477200737023, 5.749662972322392
3.1155295910509864, -0.16359401012195313, 5.749662972322392
3.1155295910509864, -0.16359401012195313, 5.749662972322392
3.1155295910509864, -0.16359401012195313, 5.749662972322392
3.1325352139000087, -0.17347156440192435, 5.749662972322392
3.1325352139000087, -0.17347156440192435, 5.749662972322392
3.1325352139000087, -0.17347156440192435, 5.749662972322392
3.1325352139000087, -0.17347156440192435, 5.749662972322392
3.149699944718525, -0.17628668538850273, 5.749662972322392
3.149699944718525, -0.17628668538850273, 5.749662972322392
3.149699944718525, -0.17628668538850273, 5.749662972322392
3.164458765791434, -0.18187303157090806, 5.749662972322392
3.164458765791434, -0.18187303157090806, 5.749662972322392
3.164458765791434, -0.18187303157090806, 5.749662972322392
3.1772211900119114, -0.18412410324300493, 5.749662972322392
3.1772211900119114, -0.18412410324300493, 5.749662972322392
3.1772211900119114, -0.18412410324300493, 5.749662972322392
3.1772211900119114, -0.18412410324300493, 5.749662972322392
3.1873185559869213, -0.18680359045413247, 5.749662972322392
3.1873185559869213, -0.18680359045413247, 5.749662972322392
3.1873185559869213, -0.18680359045413247, 5.749662972322392
3.1993628375452103, -0.19465970678348915, 5.749662972322392
3.1993628375452103, -0.19465970678348915, 5.749662972322392
3.1993628375452103, -0.19465970678348915, 5.749662972322392
3.2100017440404387, -0.19602280857693172, 5.749662972322392
3.2100017440404387, -0.19602280857693172, 5.749662972322392
3.2100017440404387, -0.19602280857693172, 5.749662972322392
3.2100017440404387, -0.19602280857693172, 5.749662972322392
3.2224943557004497, -0.1974694363089518, 5.749662972322392
3.2224943557004497, -0.1974694363089518, 5.749662972322392
3.2224943557004497, -0.1974694363089518, 5.749662972322392
3.2352742740524367, -0.20249429156733834, 5.749662972322392
3.2352742740524367, -0.20249429156733834, 5.749662972322392
3.2352742740524367, -0.20249429156733834, 5.720173481048717
3.249579852343549, -0.20725269686654707, 5.720173481048717
3.249579852343549, -0.20725269686654707, 5.720173481048717
3.249579852343549, -0.20725269686654707, 5.720173481048717
3.249579852343549, -0.20725269686654707, 5.720173481048717
3.264590994527455, -0.21086971052429887, 5.720173481048717
3.264590994527455, -0.21086971052429887, 5.720173481048717
3.264590994527455, -0.21086971052429887, 5.720173481048717
3.2766109538007533, -0.21163988448260102, 5.720173481048717
3.2766109538007533, -0.21163988448260102, 5.720173481048717
3.2766109538007533, -0.21163988448260102, 5.720173481048717
3.2933593443664977, -0.2162493442741737, 5.720173481048717
3.2933593443664977, -0.2162493442741737, 5.720173481048717
3.2933593443664977, -0.2162493442741737, 5.720173481048717
3.2933593443664977, -0.2162493442741737, 5.720173481048717
3.3117022883396996, -0.21859952008614875, 5.749662972322392
3.3117022883396996, -0.21859952008614875, 5.749662972322392
3.3117022883396996, -0.21859952008614875, 5.749662972322392
3.327520952589214, -0.22755512175345494, 5.749662972322392
3.327520952589214, -0.22755512175345494, 5.749662972322392
3.327520952589214, -0.22755512175345494, 5.749662972322392
3.3446624402441807, -0.23637226365915276, 5.749662972322392
3.3446624402441807, -0.23637226365915276, 5.749662972322392
3.3446624402441807, -0.23637226365915276, 5.749662972322392
3.3446624402441807, -0.23637226365915276, 5.749662972322392
3.3608304708380006, -0.24260108776095096, 5.749662972322392
3.3608304708380006, -0.24260108776095096, 5.749662972322392
3.3608304708380006, -0.24260108776095096, 5.749662972322392
3.3763123461257374, -0.24981982306960288, 5.749662972322392
3.3763123461257374, -0.24981982306960288, 5.749662972322392
3.3763123461257374, -0.24981982306960288, 5.749662972322392
3.3763123461257374, -0.24981982306960288, 5.749662972322392
3.388984554263138, -0.25714048894512137, 5.749662972322392
3.388984554263138, -0.25714048894512137, 5.749662972322392
3.4041208985324256, -0.261235465688454, 5.749662972322392
3.4041208985324256, -0.261235465688454, 5.749662972322392
3.4041208985324256, -0.261235465688454, 5.749662972322392
3.4041208985324256, -0.261235465688454, 5.749662972322392
3.4176927600851537, -0.2658998591177523, 5.749662972322392
3.4176927600851537, -0.2658998591177523, 5.749662972322392
3.4176927600851537, -0.2658998591177523, 5.749662972322392
3.4176927600851537, -0.2658998591177523, 5.749662972322392
3.4288712921967623, -0.2688718486314013, 5.749662972322392
3.4288712921967623, -0.2688718486314013, 5.749662972322392
3.4288712921967623, -0.2688718486314013, 5.749662972322392
3.43916766368451, -0.27727388443442536, 5.749662972322392
3.43916766368451, -0.27727388443442536, 5.749662972322392
3.43916766368451, -0.27727388443442536, 5.749662972322392
3.448296484743991, -0.284602480649895, 5.749662972322392
3.448296484743991, -0.284602480649895, 5.749662972322392
3.448296484743991, -0.284602480649895, 5.749662972322392
3.4605367767949433, -0.28801845267635334, 5.749662972322392
3.4605367767949433, -0.28801845267635334, 5.749662972322392
3.4605367767949433, -0.28801845267635334, 5.749662972322392
3.4605367767949433, -0.28801845267635334, 5.749662972322392
3.473020639820933, -0.2880781942641001, 5.749662972322392
3.473020639820933, -0.2880781942641001, 5.749662972322392
3.473020639820933, -0.2880781942641001, 5.749662972322392
3.477586967127062, -0.2888172301181662, 5.749662972322392
3.477586967127062, -0.2888172301181662, 5.749662972322392
3.477586967127062, -0.2888172301181662, 5.749662972322392
3.481840829788914, -0.2949053255724755, 5.749662972322392
3.481840829788914, -0.2949053255724755, 5.749662972322392
3.481840829788914, -0.2949053255724755, 5.77945968896667
3.481840829788914, -0.2949053255724755, 5.77945968896667
3.4829345763119326, -0.29073417969857734, 5.77945968896667
3.4829345763119326, -0.29073417969857734, 5.77945968896667
3.4829345763119326, -0.29073417969857734, 5.77945968896667
3.4822484236410802, -0.29172408906993896, 5.77945968896667
3.4822484236410802, -0.29172408906993896, 5.77945968896667
3.4822484236410802, -0.29172408906993896, 5.77945968896667
3.4813982500612304, -0.29253900704282754, 5.77945968896667
3.4813982500612304, -0.29253900704282754, 5.77945968896667
3.4813982500612304, -0.29253900704282754, 5.77945968896667
3.4813982500612304, -0.29253900704282754, 5.77945968896667
3.47959211263107, -0.293539390657664, 5.77945968896667
3.47959211263107, -0.293539390657664, 5.77945968896667
3.47959211263107, -0.293539390657664, 5.77945968896667
3.4804616948951637, -0.29257298543485477, 5.77945968896667
3.4804616948951637, -0.29257298543485477, 5.77945968896667
3.4804616948951637, -0.29257298543485477, 5.77945968896667
3.4826735103763897, -0.29131662889754356, 5.77945968896667
3.4826735103763897, -0.29131662889754356, 5.77945968896667
3.4826735103763897, -0.29131662889754356, 5.77945968896667
3.4826735103763897, -0.29131662889754356, 5.77945968896667
3.482915167167353, -0.2908856668782769, 5.784411387319214
3.482915167167353, -0.2908856668782769, 5.789290003486572
3.482915167167353, -0.2908856668782769, 5.789290003486572
3.481853407723455, -0.2904416842055204, 5.789290003486572
3.481853407723455, -0.2904416842055204, 5.789290003486572
3.481853407723455, -0.2904416842055204, 5.789290003486572
3.4812448934781233, -0.29082563583666404, 5.789290003486572
3.4812448934781233, -0.29082563583666404, 5.789290003486572
3.4812448934781233, -0.29082563583666404, 5.789290003486572
3.4812448934781233, -0.29082563583666404, 5.789290003486572
3.4833596626785814, -0.2903267219429472, 5.789290003486572
3.4833596626785814, -0.2903267219429472, 5.789290003486572
3.4833596626785814, -0.2903267219429472, 5.789290003486572
3.480867370863011, -0.29231701690507933, 5.80429261893942
3.480867370863011, -0.29231701690507933, 5.819176181108748
3.480867370863011, -0.29231701690507933, 5.819176181108748
3.4836508016067036, -0.2880544058014538, 5.819176181108748
3.4836508016067036, -0.2880544058014538, 5.819176181108748
3.4836508016067036, -0.2880544058014538, 5.819176181108748
3.4836508016067036, -0.2880544058014538, 5.819176181108748
3.482867602932068, -0.2898017529126584, 5.819176181108748
3.482867602932068, -0.2898017529126584, 5.819176181108748
3.482867602932068, -0.2898017529126584, 5.819176181108748
3.483752761425797, -0.29453439936398396, 5.819176181108748
3.483752761425797, -0.29453439936398396, 5.819176181108748
3.483752761425797, -0.29453439936398396, 5.819176181108748
3.483752761425797, -0.29453439936398396, 5.819176181108748
3.483780916442381, -0.2957697979072318, 5.819176181108748
3.483780916442381, -0.2957697979072318, 5.819176181108748
3.483780916442381, -0.2957697979072318, 5.819176181108748
3.4803151663680065, -0.2951717798287736, 5.819176181108748
3.4803151663680065, -0.2951717798287736, 5.819176181108748
3.4803151663680065, -0.2951717798287736, 5.819176181108748
3.4843506145910035, -0.2956888186146902, 5.819176181108748
3.4843506145910035, -0.2956888186146902, 5.819176181108748
3.4843506145910035, -0.2956888186146902, 5.819037553894728
3.4841002116003423, -0.29473288779530293, 5.819037553894728
3.4841002116003423, -0.29473288779530293, 5.819037553894728
3.4841002116003423, -0.29473288779530293, 5.819037553894728
3.4841002116003423, -0.29473288779530293, 5.819037553894728
3.4847349655214943, -0.29850959835768975, 5.819037553894728
3.4847349655214943, -0.29850959835768975, 5.819037553894728
3.4847349655214943, -0.29850959835768975, 5.819037553894728
3.4818389137634953, -0.2978305937110365, 5.819037553894728
3.4818389137634953, -0.2978305937110365, 5.819037553894728
3.4818389137634953, -0.2978305937110365, 5.819037553894728
3.4818709015097156, -0.2932154607911876, 5.819037553894728
3.4818709015097156, -0.2932154607911876, 5.819037553894728
3.4818709015097156, -0.2932154607911876, 5.8339927536548135
3.4818709015097156, -0.2932154607911876, 5.849016078887711
3.483955599818369, -0.2944064093322143, 5.849016078887711
3.483955599818369, -0.2944064093322143, 5.849016078887711
3.483955599818369, -0.2944064093322143, 5.849016078887711
3.4818320825534568, -0.293518439523781, 5.849016078887711
3.4818320825534568, -0.293518439523781, 5.849016078887711
3.4818320825534568, -0.293518439523781, 5.849016078887711
3.482024259272924, -0.29492882734912573, 5.849016078887711
3.482024259272924, -0.29492882734912573, 5.849016078887711
3.482024259272924, -0.29492882734912573, 5.849016078887711
3.482024259272924, -0.29492882734912573, 5.849016078887711
3.4822270983794055, -0.29480084190121325, 5.849016078887711
3.4822270983794055, -0.29480084190121325, 5.849016078887711
3.4822270983794055, -0.29480084190121325, 5.849016078887711
3.482451261809334, -0.29159610359666854, 5.849016078887711
3.482451261809334, -0.29159610359666854, 5.849016078887711
3.482451261809334, -0.29159610359666854, 5.849016078887711
3.482073740247537, -0.29308747776004035, 5.849016078887711
3.482073740247537, -0.29308747776004035, 5.849016078887711
3.482073740247537, -0.29308747776004035, 5.849016078887711
3.482073740247537, -0.29308747776004035, 5.849016078887711
3.4824900804320436, -0.29129312705067223, 5.849016078887711
3.4824900804320436, -0.29129312705067223, 5.849016078887711
3.4824900804320436, -0.29129312705067223, 5.849016078887711
3.4840332363791333, -0.29380046072849997, 5.849016078887711
3.4840332363791333, -0.29380046072849997, 5.849016078887711
3.4840332363791333, -0.29380046072849997, 5.849016078887711
3.4830860171114946, -0.29537281436971846, 5.849016078887711
3.4830860171114946, -0.29537281436971846, 5.849016078887711
3.4830860171114946, -0.29537281436971846, 5.849016078887711
3.4830860171114946, -0.29537281436971846, 5.849016078887711
3.484061393219507, -0.29503585966771584, 5.849016078887711
3.484061393219507, -0.29503585966771584, 5.849016078887711
3.484061393219507, -0.29503585966771584, 5.849016078887711
3.483579995237774, -0.292972515267299, 5.849016078887711
3.483579995237774, -0.292972515267299, 5.879262103142438
3.483579995237774, -0.292972515267299, 5.879262103142438
3.483579995237774, -0.292972515267299, 5.879262103142438
3.4841991744936514, -0.2910501793401866, 5.879262103142438
3.4841991744936514, -0.2910501793401866, 5.879262103142438
3.4841991744936514, -0.2910501793401866, 5.879262103142438
3.4841991744936514, -0.2910501793401866, 5.879262103142438
3.4829627332790927, -0.29196958089461134, 5.879262103142438
3.4829627332790927, -0.29196958089461134, 5.879262103142438
3.484110873975657, -0.29319450533482627, 5.879262103142438
3.484110873975657, -0.29319450533482627, 5.879262103142438
3.484110873975657, -0.29319450533482627, 5.879262103142438
3.482535730040473, -0.29530230925043066, 5.879262103142438
3.482535730040473, -0.29530230925043066, 5.879262103142438
3.482535730040473, -0.29530230925043066, 5.879262103142438
3.482535730040473, -0.29530230925043066, 5.879262103142438
3.4834528756191783, -0.29541981785279803, 5.879262103142438
3.4834528756191783, -0.29541981785279803, 5.879262103142438
3.4834528756191783, -0.29541981785279803, 5.879262103142438
3.4831160894018636, -0.2936829520305537, 5.879262103142438
3.4831160894018636, -0.2936829520305537, 5.879262103142438
3.4831160894018636, -0.2936829520305537, 5.879262103142438
3.4836751255672427, -0.295140343364336, 5.879262103142438
3.4836751255672427, -0.295140343364336, 5.879262103142438
3.4836751255672427, -0.295140343364336, 5.879262103142438
3.4836751255672427, -0.295140343364336, 5.879262103142438
3.4834722852240945, -0.2952683307433194, 5.879262103142438
3.4834722852240945, -0.2952683307433194, 5.879262103142438
3.4834722852240945, -0.2952683307433194, 5.879262103142438
3.483646968157302, -0.29390494198299694, 5.879262103142438
3.483646968157302, -0.29390494198299694, 5.879262103142438
3.483646968157302, -0.29390494198299694, 5.879262103142438
3.483646968157302, -0.29390494198299694, 5.879262103142438
3.483541176137173, -0.29327549185815843, 5.879262103142438
3.483541176137173, -0.29327549185815843, 5.909765207549341
3.483541176137173, -0.29327549185815843, 5.909765207549341
3.4847562930107294, -0.29543284327545016, 5.909765207549341
3.4847562930107294, -0.29543284327545016, 5.909765207549341
3.4847562930107294, -0.29543284327545016, 5.909765207549341
3.4829520685845416, -0.29350796311906696, 5.9176777788050785
3.4829520685845416, -0.29350796311906696, 5.9176777788050785
3.4829520685845416, -0.29350796311906696, 5.9176777788050785
3.4829520685845416, -0.29350796311906696, 5.9176777788050785
3.4829520685845416, -0.29350796311906696, 5.9176777788050785
